message,recovered_text,bit_accuracy
eb7x2SMEgglVGG2MzKbtl0XHw64EYPxyxT4y94dwttI8PXxU4K9,a TF4IyEsk1VHglMfwDBdiymqmy3W4joWb0gIQN9IIRn6,98.0709
A69QKqDh2JCpWXyKliJCUUaawxHbP3xGYqu54uFozDQWGG42bn2m6trWPpj5sdS8m8P,wdHpO31dFMxxD22429bW27dWlx,98.9682
 GhCzQkM1Z7qpgG,t9lUlM,99.7101
HjfxpUaNPfUIH318cmyGQThYXbtn1XbmVyMuP7gFgGu28,pT2XYKxhIQ29BYFL29ecp7SP0z,98.4445
r4Ibvye87Q HCOsnzdKDq,WC1PnF3EA8Svha4Z,97.5807
k8gZhctf97eZCMfEiv7uIune3uoa,JhqeHYY,97.6329
kxJpis727DulofEovmxOxwLMiughGihnxhEQQx1AwkrTqDWFHbs1hJ4JxQfngpoLAp GzltSbqeYWAAbsmUM6YhWyiA9yYp83RvdKViU6zeHTufX8xJwnJDs8vQvnAQKVtiR9ZT81xwkE,8fLiNlfypd1vsAi3JxFDh66kJzIwyqUKzB6iooV5SANL5 1r0semmAdvZPrttgjSThXzDlCU p4I3j1t7Za5afuUWepCa4tR3GPP8hx2hrEmHQws,98.3988
MbkMNcebZ,z9j9S7iaV,98.4029
41gup42ICGns3 BiAzDyXjctiGNbp7m2de3i23rWSNueNHLU915DbXxC4qN 4pIpJxaG6NXUoGfqVW85NRUs2f,AJ dQgyitqQckFBX2O0B9F3zY9OspJn,98.9452
YZEEKhGQNiSUrYnYvwp3r6pTem9Ewwqu,WjBB9wjKF,98.6685
9P7x5zZ5ULy7o MtCsP078G2z82CyykYYTsc0VU 7Ci7lkgJYJC4Hp2jvBScmgb2PK90qmPKlXi8oOSSt2Tuyd20XKChNMqK6mNtYBqdoZX3S8IyIR0xf5MOdOVsDZvce0GK65Ou93LbakvkicNtRIVwW 8HPPyBIyqjsd,aBWMqFBo12fctK6LQkuzHhAX18VmBn86n1iDBMY1jsjBWZfWOGHqAhvvLDrtC7Zh,98.2763
ywlaSTrEpBkwHEMhoAbYwRs139qd2wUlRlBhNUuq1bbHmniXf3yvNx9bE0 3s6NC41bgJYovXlBOaYJ5nFcBhUx LAfLq6KEwuXhf,U3FW855D6PoQhnMT23bRJwBSGshNdiLBR9CCQmYKhEwPi9uzAuVesMxZmyKf9Bh50shyMhk1,98.4049
snHNDQGFXWRD4PJnEJtXuVBPz,F1LIpSQ3,98.751
gc5xOwqyhQ0iAgR98Gk3ESMBdwq9k3ik9Zr86X389lAKVCU1EfP3wFd9Q0s1dD Y8IEsO0S0O4ZYQj7 RWZFRVsQ7kR86xpD8GDEHiBcmgLHugRu3FFmAlIZpSBRhCt2Cn1NNrgWvnvzqHPm,nhKH1iggTBczaAWheHEGdvCBBw45Jlx83wWNnZqoTGHHkdSQfZbrcLAgu5KaEhZQrwJ4UkdLl lNAvvJ7Q22dGAjNWEOcHmTbz73UapukbY FCvNkIapFUyXjJ1xxs5KCZhOE4,99.6796
SCcabsY9mrjM3ezk6MTAy2x5ujbgBlXci8jSB0hLTjQvByqekCnJFTOXEXzKQ7d4pdNOqmFCrxWsITv1ChC2fX RmqLMeKycWV5BjnI9r4CXA9wtacXLOW18MAjlWh9Ut1o1dPVgz8NvOW0iaa,Ni98UsRorNlenECEJDYDo1DLOCnaIY7UaxEHJsNf9vmO4p05DrlJLqrupY1k0XdPxogasJpcQnmu0GFYzrPTCuf6iAFxw3bxjsstvSUbIkewjasdsdEbX95nu9V3Qcd2P6flfzriLN,98.3642
7NHZCV1MdwXncpV y8yUaoqXQHG8cgVy51suOVBV10eRTVCnBxSxF3o5HKRJHHT4QkducL,p AmdB6,98.2882
Zhaahlg0NQOK4UK7 icSWiktAkCwKVLZfdiRH1Bb2N3ogIEbtIdxnJvBGxUKcMdFgUanmvdnPRFZXNoJ3R8p8LBQZBQb,A45ui9bSeafrtvMkipEMu8Wsqajl,98.7228
wxXhUVdoB7oTe7at,o0wjaeyIcBaKKYD,99.4301
5DzZJFPxGNWN2Xf5jEGm3LUR4RYic181sgHUeeeeej6RFgJqVFAdImjanu8h3o,C8OWieTvMeFzQBrY8RZ,98.7068
sM476v7V4m IzKfngCE2xToi2ipIRRT7LIMzVD8uTH qZPH1as6JbDkSqpFp8q5CxCJg3EKoaPKX3QlfgnXDjZ5InBODBQ1Bc7aWgeR8CHaDgp0UVQr0K7nWLRXxRoN1jxxEcv2xpQ nPV76eBco X9jljB0GN2CBH,wEwWLhU73nMwyzMPthXzEnLayu7PpV5xoHE67mHmXsSaNiknNj38yXd0llyH 7fScaRa0MOzMgcake843Az3Xk,99.2983
hZ 85wDgGgWfu7KnFDLRA97kDnVzXNR3LVQeC8OBhpyBWBuVQ4gW,uUAun uZimRGgzDVD5TZoYWGH3ZJcklWDZy,98.4131
BC6ReCca1x3UgJZ7q,DwURi0,99.576
5B076KNlretyT8BGy13y0ojzk5rpUOLNGQcxlDKk53Lj42vkweDXTU0hhfKU63PnllDekjFUjHAM5l8i4uZu46Ily3bB5gMyxPDV2PMCk1oh2MaVZvlUl8NmC2f3cZyudgZYmk03cd1tOH8JCbr4Y6uywSgY8aY0,1NJfNnPHKzfBi9Nkyf3Hp5B5TQxGcxfVMhsonWxXJw2xQRxsgsC7wvPLMixomW4VOR4OCc8w7OuTrTVy5BeiDBOGT5AHkVK8Ago0kbkB49H,99.2887
5tFGHtoCBi6Lgw17ei0sLckDoKTcLCH2mq6l9kvbgYchcDrarlNAHBkzO0YVg3vhyrBi1Yarb9sxXhsQN7FfcXMPIJn9mHTTFm riR9Wi 9pwgjdfrR3dPt8jK0svUyr9plFEK8aTeFhKq8sLb,iM8CYlhwl6oS4lYGDAZaLxDCRoPZi7deynSCKfhOsJZfzMjwjcCiMOMBuPzmAE0mPlRlJ2rg,99.4315
pC2h382ous5wtSm2sMGeM I9rX8xnNNyO3jhsScA5fsFhRqEcHgdN4uGLraFDLtP,Xzc7xn1ClU U6sNdr2PrYEvsFqAwHe,99.7886
K87CN5KEvRDX48F,7xNJpzsskdFIPjh,98.0113
G5dTsOLk3i8XWzDg4wiKyBthT60QoWgtuIPROZa8XlToDwTCm9Sr19PFW5Olo2 i5HZ1AhpnFbUyexj6SGCiJ6Vez5kPqjesyKSCsco6rZOjm7TuP6DpTdETfFoEiu,Ap8hV 2sxGNHN5 2Q0,98.134
oEvv5gwNiUanBj8oE4lewIXRANyw27qIlo7829tF5dMwmuIxLuCHJ6cXZAmKanyPAQYL kzV11rNrO3eTG4FiU7Pp7nOEZppn3TL6UZqHgS9sxbPu Zuk6hjZwoO4CV0A4aQ,QYjBtDrVwnix,98.5771
CgUeWVGcD3H8ZIHwnofyXPFYQddxvir2J8 iifwMyaZwAkvZp9kvDuscXB5vOAO XpOTUrDt76tcmg6NOi9DmwUjt7VzopcVDkLkI11zd4dXOqKm1f1M6dOzltkSqfCKxWKnzqESnJeu5C6uz0 WXMHjJWGjI9PrgnQEngJBMRvyml,wnPtIA12JrnDK PnHt3CNf3Awu4py Ylr3RePeBfV4lcBJVXOYrH S1,97.785
LQlg58ODiy 6NMM9bdZF4nKY3dtrEQCec9frvkg Vzun9tjGmnSgbp0HKPXCOwJX2XL,KbeHQtg,99.1838
rI6vZql9qDDlEry0u9lbhJCTuOoGiJ3l5LL6zQPXObiX5LbFZg8F IH7mK8wtufmY92hAv5ZDonCmZyFavHsnTOmXBbhbzzU8agpiMbq1dDYYczD6,Ci1JwNhIVZ8BpXd2cQbyqBMB5m7IktNfLv,99.3669
k3oxKWsFP92ywSrL3BwhRcO4pqdCkkXdxEWQKUGBItr617Swm9iTmqC8ySRzZkXqyV3v0PA0lnl5slutk3JnFHQ5gwXSxLJKL2dRNV2XbWtQBqLU,hnnTM6haM,98.9802
zHkHCh5KnTX7AvIJNaRCrksyJt5uG1C2bHT3 LD3xQz1RXsbHYke2lD7,qlO1jFDo5dHek9lkEM2p24a6KqgCEyGG4lV6flRvTjOvOUUcBUWQ4,99.0443
6n20zWuZ2PVjrbxAuG6dHeLdZuvwgDTovjrH5rcA85Hi6Z3WXlBiVG2OdXkf3CjBy8I37MCCOIh5u Q5Zt8vOgcPx036xi5P9,fALhjBolZKEtU6PPlbJkr1ZuB7etA6Kq5cAYGHBHPT9SN0,98.2679
b3EmtYC5yglhwi7EMbaJyTNlh41wHU0rKfbW6UmQ kPTpoKchBUKdgDLNDzB2cw5OLGN 4s1UVTuRkGVsR9zihCBRguZRzWD9, UzRtwSLOV1V9,99.881
HcwqezuATCFV4o6XqlcKVHTWuu9IGluCy0DijnBsTB4Nd4v7fe34owuxMcxk3VjHSjVWPAAi,I9UXig8eyT8DoJ1MbLidlyQpgmwF90IuX,97.6259
Mt6T0mbV2pKAaso6kPleODVjmp4YCOcX8 tpt5kX3eA3nmqHu4agnNh3FJADpfo7,2t7DYVsC6KdmQUo3L2IY6bztZk6 2hkUcHLaBUJ39LLNzjr,99.0385
lXBbHXsCuT638Lnz9vp2KsZVLlh 8g4wiSReWXEe1eVbICMww7RZAc1Z3dZEF3iMYNrstD8u0pqK78zXeg 8p1Ruxym5ZMiXyiRIWdsP243q954vv7ud1JhSBYmJ7NrQ6m5WcWBfA6HBOzZIhq 6YpQZOEwc6V2g,5c2AwgQGQg1d2dPDh3o65aBAo776jQRwt4UyXjSSADU8I9uh rMqqshPzSGkwSbWcoc2LdtNnGkyjXE0zucIEHQNG1ZhXDGVdkhQMAv,99.7276
jGHK1pNd1rH6SBKvzHjlkQs,ezN1ToD3,99.1471
Qpp89RRez60 Liq3XSAiwTiu5UdKUUQ4a0YFHKwPIaA78GowvnnQ99qB8CULABZexXPzOef0Q79OsCIKHF8E0h1ghkqd1QVLLeNwAktpoNKP79w9lphq2B,CmvKbBPnt2N5wbrNIU8SxcwX8Lkq7NLyi,99.4346
W1Mu95XQQOrhkcq4Dsco3l,O9DPWmjoKw,98.8775
i8DdXuJZrWIf3ujmkz0XsyazemxvKaJ6eaW8DcSeL,yRvbFXDiOBfC1IdXI9TfBZ,99.7543
Wdf1imGfwrKBv 2RUV39c61jrXfnXei8GCV7GEtJjdVgcLaaXGLxZPVHoYcye1p0ccTLgoQ86lv4qDxFQslUcTTqq5PgT0Ho9pyi,1gSBnQ6YZGJtayT7zA97Y4haNTwyA4ER0ftQiqYqUnlYaMvH2PJbw,99.6084
ya56yiF32k7ScgALFdWLAfb1 xsa,VyN VWeDvbGdpn1epZCis,97.5459
v qfEOt78PHkyaItIJ,67LgROcU,98.0414
Ll58Hz1mOzg5wiNhxElY4bIHvUSjSJbJAevjLDGo8wVq RnNeykuL6puL2C4Cn,hkKj0MdPTukgC xV0rF3zoWO2Fqk83kekRXBm8oOA1,99.4227
QmDHaxLDj18K5 Hj6NiYpD1JGSOZgeuHQa8xC6vWgrGRfc7FHRw1SbKbBKs6XH3uTTUttr2ORseuVZnb0ME 5HS7WCNMzwv4GxmlvmkConchvnjVgxoqg qQ10ACKhptiP2NLatbjc6MMCS,AN6UPNM4q7einmknrCY905n5r5AmHrDEGhgUWnYSgx mJQr2K JgYG3mHmlhRlBQRwLPgR,99.7612
l2YHNORhNYVtkJz3lH eQk9vmxqqGivwWCmgdX5dXv2x RuKPV9t0TyuOkV16xGEa4bXmH5KJUm,RsIQlWXYiq,99.3221
Y pM3kY0dRfbY 4L2QtEgmjbEQ3Lf83HV5SIUcA97G,L14drlfx u9c,99.4439
IfiGchYvKakJdofpnDUg4qNO0esC4fpmmDES6GTvMXs0PuFLizFmBhZoIUqslnwy12efgEMSWTpT7EDcP,WTNJ7cfVqySZbh3pO0uLeRIqquy31W0,98.8196
XIJiP516XBKb0ZGyNrG6xme01seaRXs2cgx8PImPuz GqtS EaiODs5p2GaKyhVdJU946PLZMrZSYgQ497EZGpsFlg2DsFC5zPMcoUO8xbhOlNoa9Zl5z644ukfubLd BuAdRp2201AJKknGlq,1HH44YLnABQVUk9OBtTO8mi51UcWTYLUz1Ra8wuNEV2rZ5LOs0gECEmr84CwMD0H686qBi6wbDpovySSFITTqTqK,97.6201
FDTY5IxI2mUEBB1DrcmDBxk4SeR9kaErqE1vXAtWLWpB4JkbHYlRtVK5velXDJ2q1grlhxArhR5SJ3G2JHiisQihSctlmaPXW6uH5Ejodf6Z4DO8jMXn8e6GfVFyLm6WeGVz2Cw0SeDGHyPIUVhYLmnA9gh,zBSO j nAOfqOmMkA4y1LDGJRXKdBVBQJnsvucSxFGX0FpBSTOtrlx7bAK2FZBMtJPB50Ml3OhvlRxhgpyvVfEY78l0Phak,98.5732
hEFSO20z6 tXSu3cBUVBOtZGZFjuRvezm7N1M5iTiKtJhGaMexJryAapciQ8pmKnliUvu2KL cM4aJ9ocRGCQXqnzxpXvkRAiTxAIw8gLVoXPtQm HRPhEhW,wOe57EG4Qgy6XmH4j68hldpgJmqf3CpYeoC5EJRxHSpeBOsYImCWdpEKEmUwm4M,99.3272
6SSqkRhwB6sh2wS5L63xZhGjMQfwgTB14Bwd96DBdiDh86bTbtJi5t5ROaq1Kxan5W hXWe5s6hKpVTmUPQSzjQvAobkW79KIn1Cz24,DI7kwYTv3P90g8nULrs3QCt,99.2823
R0vfgJxcojHCQaH2goG1 U76FznX0Y87Z7bkkphTjg,NEnjS9FkZ0V6W9oZEqGhGaL,98.9412
PwO0TahqygtTxhe5iNl1gS7a4VsunSym35DPpLv1kB0HoXHo0osSpKW24Py1MZG063ktppybennmVVuvC7rwwzRpFQPxuobce90ZhqSq EWDnbRzigWQ41o4yDiPSYmwkdtgE,vgIDfRww5eVSYOfGZqmiPWw7btAZtfLUDFAm6hp4wV6NbIbasJ6j63,97.5575
w8eSQlcLNrRQ fo1LXInm3qVYjoJgecIL0daKfCZaButIuB ZeTB4y Iu1sDaToIJK1s7R1XH0yaWZTragphqrKpyT3Q1Q7KmMAeRTdi4suJNk4brRNB7xq8xspaBEF20yy4XXgDoWOA3zZivEZ7BkOxAe,JGyzURcg nZLO8Hmtj,97.8057
jba5K7vPvasqDPZXOTFlxdHFE V,MBgnRxlG,97.5974
VOSw4iREdJqDmkApDNBxwyIKKef5IgH438nbGW 1xqSbx4KrSpVnkMeeLl4AWSduv1J86mT4vuhO4MnbJgPAalsewPhnK4ZguAfU106AhT3fosgCUXrcaWcNEKmF0MIiJdxQlJRGd4FWnMwS3lUXH9ZGxywlj78zZtE0qDU8c9bfpg,PANroex9nWDVjkARWKRvUb6wJrygGl4bfoFXj53WGYaQrWlf7NKxeO9prR3FPYHbTx8rNgPDxLdAdk1hxgL0kXVZ9z3V5swJZ7lF3,98.8541
iZd18TPdK39Cf43wqVhY8cCRXDeI 0u tav8xi 5g jYoDqLWXmZaRL1s85d07j U5GtK3ElcW66PYayzkM 6Gff9PKEUTLqGHo5Qg3vgreq,rYAifxPdWSNud6O9,99.5194
n5mxmW0VlcQPsIVwVjZa0efkrh,amP3HCt6yNW,99.0791
zIrCoCvzJghhtk,5RYSZNQZQey5gz,99.2963
e6dUDkGjQhIR1lpHZQAzp2LeWLcNyn2D03NKphHksiE2iU3Tda0gYiumIjxqPNQH841DHGFFhBR8NdZ7Wp4c7qEqdduZBfao4myF1wtX,ho1v3xUSpwKOir1gMZILa7pBFOO3dQgRttxdPnAjtlaW7dZmxAwsimetXOJ179QT1nL5pMzPB kk8tnssz0xbR853WTBes989uMYD,97.7302
rQf1njoBLBeJiCf1MTAQ462TRJ5gYZRexeMjc1wfMPsJK,Hxj5wUgGlrMEhZlFBq3THo R fCEQz,97.6981
CjiwjsJ46tWleJyWOJdgZQ sRM FqldWm8LgdYu2xDc4dxyG0Jr dNcLVxH3R3ZN0eQtcQyaAcNb34aBrQeo2ybnjIhVN5Wxtx5fMsywMo 88q5OWAsHhNJeuJn49SwR0nhnF,YwHLUMKVD1EBfirNTkNTuIymljHkkHuJWla1YSo9EKleRBGp8cqTryThUTMXwhEvntSfd1IL,97.8312
C1xwKiM0e67tKJAUENQahVevvVJyZUCyEPFepofpzH7FulGfb4NC87CLeHuM5SjTCOHVy4cZWrROCWiaBe87LGTPrT yGSMqu2Fu29yTAUv8UNlJazL9Pb8Ggrz8xqhOHGahAj7Bl0hNbDqsGYjw,PzPMoRvzD94pznE1yzDKWBIwgGgyBngU8gcNjjbwAnD5uPpMLrJjY2jGBHg1n0sYgiOXfrmBvyua9Ah39nZl fywUAVkfEGnyUxEbd9XBgmgHGR5uEuVCI2GcXE0RCUt6usr5bHikCU5kee1M7,99.7745
pR 6GciUT kn9kkhm19J9SImDF6nMKUcR2SKUBmJtqjoIymkreY00vKHH06ODlJIWoU,cwEFvXtNwfay1UGTvDIeHgLYQ04MY33jsyMfFd6km,97.6427
USiQI5CEuf6r 9opFWN Jyp6Wc1zmgMJIPJXW72 m9biZTTj usOYikam1LlNeotIRbHtuwPk61JJCDiRMBZqaz7Cdqs8hm6mxvECocWpJ,AOD8BcfWpAx3JE2HHT8GxBalBO4lIf6P8qN8Eo7RAlcrzPmAuh1HTyR17OfB,97.9737
gBFywPGN3w1u5yJL9EcNwP9byf2DMLypOBfj5Ei6OueemNSvErHTuGJIgLE3bK,PSuEj6oZyZwujR7QdNO9jMXhm4b7CkdbPNp6YvHOy,98.4482
DxPWoWHMmMq3vWqzov,RbwvSO,97.7014
G8E1BrffZF9jdrgv4Pr6n31g65Fkrv4i5icY9h6jndOZ1xnp3iYD0w4IJo6APNGMdJdWrZex1eOJvA01NF5qP8Q c6qwrDP35Wtvq4qtiQ4g0tAuRDMWmvh1rdk90Q,0orE6kv4TJK7DDYQG5wW OBm1XI5Gxg9oELpTlfEupLT3JTHwW6BrvSSm1DzP1FJFp8yFcy5i,98.9363
2vvwL4G9XThHpsI5hmRsQDJe9OfUfWPZL1ylQYSC1fvNafZdNpf8FUSOZxTm55bFskPW27WBbMbCulX4lkkCGK4yZqxNS5foNjzqi99u5bp6x8TEJOPJImOVoNUBXRH0rd2pGUDijSYN98M4hw930D4tfp1qnDbb3yXTwlGAm3dAwqljxJ8N,f9BOmGaKtkwL3yhVnu3kzmzujQ4D6UJkG2CBNFJFFF Wp34J98iQw5lsMXVa F9R6j2avItSgnOZ5HlYrmj8K3QgsHRrdOXdqZgiolx95L79,99.5393
WFax6m9t1VOXyyj,hpBUe0KI3DXhb8Q,99.5179
7dDsLhMuSZ759Sn6k2i,ey6ppOUuQWz,97.7805
1SBrtjYWKFwkzqs8IEcr37baA37mLP0S45kxvYloNgdnv4 1HV8KHx0k7NW8P,AhXo1trfbhKxz8NG9J2jWBdqCrE4KTAj81qsSOwUaQoGLPREVJZ7ClT4NoA,99.6446
9hR z62YX8JhPCkKont4f11 VO4Z, IbkmBUyICkU6tal4nDvu,99.1557
iVbOIXV9mF1I8F6aGIr40MHkzcaWRbwWtDMGTIRcGAKGeaF37kHGw0Bc0x75k7wLpsLbioBeWoZbRiG8 D0QPw1ZcbLKKeUXZZEYqqYIr1B1uMLjUrwkaW2kQ5SNqaEtqIYupHeJ1gIoiX44sDhwnyc0w1F3pDi7WMC4,DSfhiWMZEvvWFBxXxxSLyPyLs0OQHPnkP1e,98.2559
3qFlEnSTJv7H1HmDdgLrcQi6RkITVp8AfRMEsqRoYjCQzX6K1JeY7GJTTmpxECDJ XDs5lWoI4tNEhNWDXYEWMzLnoL,mGUDDfUt5qa1YVUTlnNu5bsJk7yxUcCwO7sW67MLVFXP9Su6sN14a8QpFTLcpSCncy9c7J3DbWd,98.0936
UycZHnjoxgxG35WRQPBh4QAg6kcMaqp8fMA0YEjLzGTFrCCw0fZ3MRHr7K5MHrsoh6rMpHVdNFCeXtcXkkqI 4H0ClF6zmSs4FRO2kAKmQc7w6h,bAmzKGrwx IpVEC2KznRV9SYxfw92fcpg N3tvvU0pJjdg0rvLPBVW64eHnYEMGqH2zz5gsSa9HEoJv7aAv0sNWXsGxP7I,97.7617
vxCP2towmgX91362EM5GgPHuDn4ZLI 0nxggs8u5m5P4tkBezfF94cqB0h,lkDRAh,98.7734
M0evDeDmyT,CuLIKSnV33,98.7636
8YiDZHOFmRdGTRCIQGwsuaCytMu6Ja4ADKMLIMRevbIH5nbBlbPHlml8,R8Ik7iUdrMk9k7sfolAmme9Wb7G47VaE4U,98.7108
gGpBP gvYZcTDfR9UiSYDaLhbiMxbzRGgaZGMc1nFo40aS3Ev y,qUDKndm,98.2934
hzPTwmxOvxE  TapRDgb DT6HYhoNo6GE3fPXQGtS5TWNR88W6I,I8SCgvrOi vcAas8krzxS4dkxfIzY38gkfk,99.8278
jMXa6qs8qDg0TrgZlVUa3Un 4NT97hti6lmWmE9NH2WxkOJcgrXH b5Uxw2cY2uzQQ7WV,OddLLZPJU4bpNISouRFkvBd613UnD2FqEctPcTlWaV5H30BkSvglH0Ug7FI6OnJkpI,99.5547
aHicvo1uPEszqLU76Zki189joEdLsKnc2Rx7cAz6WKw1azejsEASt,6jhaR9yP5fa1V6OwRnlD,98.9269
jsE8dy7qW5JfaNMIh1PzoC4XsbQjIG7MlWRAMjCAFBqGL9eJ6UFoFUbaLntSBeo5iP4R51eDYfQZWCJC4orcQRYRS2J06UVONwhKtAjRXT be2Luw04R93sgzu6iqg4qdVcQRUgpIeY01u8UQzAcWzfuarsncWTdNFQgmzcpNIq2RSDxZV,bNmvqr6aHrJb18cGVK4SzsXWseTb0pd2PxE07prPyxfbGr UgmANvdvQa4W5IcoM7P4E NyJWn9jWfu3b8GbtniAWm8LjR er4146xebPjG84a JgHVkWwRwL B84gwK4PHYH2El5GISxtlgHbIPJ0SB1XB1,99.6104
8FdC nrWsxwytYKDZjbaACK9W5ffgIeiFfRYqp5hjLPsOKGE VbypbVW0hp5B1bImYGIp6wztmAdgVwMYAeZIGw8Q7l1ikJrEBCt02NPPsGVKXDgPeWs7eBW397FiJKhY85ZqeW0HjXGL,7E3LbPEUj5AdpFxy4JL0rZdWaFLZCuX,97.5705
39yOARTye6tZGmhjExTBoepr1Lo6esCrfNrVIC7VDdyIiPH0HhiMZLKxBBaFpnV,fZBGxLR38S9njzzCLYng4QOi3AdfkE3s18DnM19OlBXU0WZMHMLotftWHjcx,98.7717
vaX0uR4PyTvVzGyOARR,NgBPZCyXM,99.6291
KtsXicDtCc6O8axIqFm44bb6w1KtyX7xbm2qkVhjVlwK8lFE168J42bBeIcjRtNyhz8TQ3LSkGNlwHRHUWH8qV GBIJs4BeowDfujlJBLXZvg8iHhbVN3oVjtOAmSNqXbpQR2Z1lqoTZql5bIqug,6TwF5LKHik7TJo0su7nCCxImdTdAS3J7trsz9Dxx41Er3Jc6abXN3kj9tZ3LL5VUtTukVvQKB4LaCL 5mdQXTyVtLOzNcl74ObzG6kJPnQCod1EHO,97.7785
IwnApi5uyZ75ND2B2AqV2SrfUSmRiIS9unG19bXLJ8qgFB1GipUXTykZtO,ifeSooJNbxLJq,97.9667
63c8Ku4o7i3q176m7Ngl8788orFw8azQDDcB4KonC6EZnlvrcLOWCRJtSNJxlF9 d80dZwnzp1DuU8CSS6P6nCA0zkjzOr,AlZaQ8eGc85oCb6GEtskU3YVYkU1vZ9xzMkmA 37k7Aegf,98.5758
FiJfFTdRHxL03XvcyiYtzv6ucLV qD0iINmU6YuclereRyHJBbqHi kc0v5d36P82aVZck7ZnT,Q1xlqePcLSOR6sILu5pff7UyFLvLsQLad0aZZSN5Vs1uLFM3,99.5278
gz35hbON1FAqRsQaLcvfyusvTnO9O9sBku0UpLjY6ejnaQXWdsyVZCvQ12Ke7USKSY,404vT5QR0WUOSqqmyCFutOKUyRRGceCN0Lt7BLZIp72pPLb,98.0766
0FtQi0mzmpQ7e5ix9YCdUcOkXc8Ic4iDE7xm pWjbI6y1grYFlMJNyng9,p5UkuMwvWRWM5QfPCRcFndDJV2P9JidRc7fZzh,97.5539
Fw 1SFzQMahyHzr3a2aaqi1LCYM7diGYWGK757QUCUIyR9YbL9s98T cMZlKM1Rs2SihvHjX6 Gq64xNJYEclO0oNrzJQkeVLV764cCPuiMxC0qBQONs3t0 clC2Pg5nX6MSGHz,8p91N56xp 7kIWCKXD2Wa18mJSxmMEiE H7HJaVoEetOoxv95isdl3iOS8PxibhjqQ75mujca6556kDcloyA9Z8o1UumvfiRU6xiiOiumjPu vX,98.488
LWbnwMQYgrNUpKH2NBr5ov0jfo2H4iPhvpBnK3Bj8e2vyxDJ7nJvVX7VshEmVK7GXJz6Zm10Q3ZY GpNdY4PaOTs8MBhAdumBvFapQOgWQLW9RgkWYPo596st,pXwvsHgJwSN0SfCTSTDAvzXORDvRwC0Q6m97WjOQ 6s0HJEQR4fgB,99.3476
VqsfwSY2mllk7BLkOqjiUvGhF7yO2pAtVH1ICIzl0ijQOORMOu5E6LTR5dhXZkqIr4yFjTp,0lw03yhtDk,98.0228
777zq278R6o364Uiz5hbyDBnnbHDq9ZItoy7TLNNN2puXr4pyPlOTpryWGALUCRqCKELH03k2hscEjV6QEH13pJVyZrn5sgkKgVrtSikOoTjJHqHuXmB,PzDKs1kv3kk9pVL8UL2rR RdJ,98.4882
8tu82D4QqgejMSeeYx18HdxS1QAQHtDW6RiB6 2jT5ziPs2eHnWJbuMhmE DxZAh0feeGUlkyFZ6mWABIbJ1u9BRIejh0H1ndtQ1c9Sa8O0fGlV3WTmp868wL1uau4IoMjaFc0dcT5aRzLSD2pKxYul3l5PrKS9rgL7YNgC,beIQpix71Cou8hvmCacrFXJWi7W,99.0135
G4Bb361q9EDVBdyYY4v5pBw2bEX0VVCGiaDm05fckkPEpIexCf7HAfbqNPBaikdJ 8qfuAt003H8ufl4Pk2dM0lhhVkVsS6ByJHGdpZK9YzjKEnYlenu1rXwXHRBLGp0Cnn4eRHo1iaKxqy4HWNfamsIY7 JsO,Cw6XWRZI5PQwAreBOlsBl3k1FCFLgx2estfUo4B0HJiZaZ1uRotPHFbJ7qD2QskY1,97.5644
UguQ1fbo7MDvRYjXXa22SR QcsB04ko9T3CZwxD3XIJeECH2DVhJRsPNdXlbvqFM16SOEU9O7OPVkzg6rFHgeEXepaneW1twuJPdLdBa4jujpJd73 69II1hjsrnA6BOc8n,U7MfplVWMa6PsoobcoPOYfQ8qnlafc17p9w1g3s57ZND d2Y7fH1w0 fSakS1VscbL 5mDDX,97.8956
9ZFKxMKG7eQB B8i4LfEczFHhMDLK4iIneh8Bd62QqBQhKes050l7DyPxJ DkMMsNOAv86UzPquxYc uZ85SXfIp35SRNYtLwronkghlHSs85ZmeRRSOM5kdqwb,ucO2a7NXwCVpp9Xsvp3zyHHHMtkwBV3YMsVdTYz0iwZDM poTPCKwx51FYSlHNVjnyjZhOu44wJUhIn3MQRFtiF0xByd1WH6qMKsW,97.6877
AubfhCu9NYnwYl6iScxZixemPr39xLr50txkAY0VARRpU5e3BrHm2sb4rIbSdmODUg8YUSYL24RaS4 ddarosn4tO6D bGja2MD9mYPO1BMZCGZ0D6KTxwTwobjtCrTUmgsmQBZvuoQu3x72Fe xxL1ly2qYf3l7,tyl8jLPt51GOjtIKGQZ,99.4426
mv8RTJnSYJLwyli8Fsyh4zcucW3Z6gpwlsjrsjDlk5OVFMrnbGQ619hety4B9b0cAI uPqOO,cvnC8unmSorQDGJXX6BehgYIctQpuF8g23URTYAWr3ZTCH3 lc0r2cxv2w 21Li2tNsh,98.8704
gp1S2K0YNJlugTY7pYfbh07oUeFmbRQEq1BnD0AMVHUhVJLaM7nuj4Q2u,hg1rIzMvhvqSOCVrGB9O5JJ7hHpTX FW3rRpmxWbFqa4av3I7PLx3xJQ,98.9127
fbR40mQsrkZyakUuW8vrPMYbp9paeGc82CZ3EK0JnAHRkBRtVfpaY7UYRkoj,eM51dcM0XAb5T9QTS6pEcV6eJy4KdZQshhTgcEE9BQpJNnhkpJ1oc,99.834
5wljETTjK9ld1IP57CjiaRkosv cCwtlhQWgxI7xzgYezPkg5y5AZ6meGEJ79k5ZmpnHPP1EHBjrLebm1Hx7uk2muE5lD9jNYxHSaptDp7sQsMSO888NyM sk7dYcwMPvjzedpb 3E0AzrlQLk,sqVIVVyYispXhJYLVOVlZthg16SSl9kUd6v07yMz5HT0TsdnZvbQj7rrh3er,98.4582
vtAUjr1cjfhs2IGYoqE2Eooj3pz1opCRLYIWC6BMelIwNRMReUKrt3Qg2pzh1RkOsVH7SKtFwlHkCWBZ4WBnqx2f7tVpNkMXVwpY7Gf59vux,Pc8XQVAWjc5W6h EwBx6Nl2UIJy n5f3D55 FgmRjNkcf,99.446
PnEVsXDPwPnlQqvna1SXvFoKkuA M3ERGjdlfgmiihKOd427LOhHKuwWc62zAx5pvXkitDVwQLmc7j9caWcOq9CYTOICdKORIPmr94K8sHr cw92ZT4uodXkSXiGmEAIYNiXiXVLx lBx93L73YW9fw2bMeAIBe4gRx0x6RJ2Ih8TIkl2Q,Uo7dLeyRyloipYsy5wLkAY 2XbrMKBvR3OavMMHHJV3M58acO1VACSs02YqrmL1xFyf3exdB2MgKThCe3hRbIY7ZxgZgss80gOSTVDILsEMTCvQ1QGSFv6ayLV8ewegnxmeoBtnk,99.8657
b8Y2RLB4VmH8P2mHZUtv7Hxv6NWhIj1s6ew,jhsqHH5Be7XUxwCIxDxBhbJKmMmir,98.7438
jWDLg8wc7xk3o6uZTHtuPBE37gaC6AWjWOpJOIgBLpoy3HRPQOdFnMM0NfWgsLZkOb NzUhmlipuR4D9WNO3ZRunpncorQUIrG8qFDGp5QDvIK8spyiMDS,q6d1iQuVAZMnKi06mqA4xtsphumoEjsamEUb30yORmhJyHj7A6HBGFI6kutWSWwq7YIRPICWQBkQq3S3DWgu4OPeXHMcEI4SQeXqQdCEPXqzqTk,99.718
prDJQbOQ hdhciiTi8mU8UVGQ1nY,NT3MucYiSQ3QxuC4e6bK7hwILM,99.2131
8jQNFQkokq4XWScyPQMRDfQAZYw5fal0y4n2mN8B6NpBD2Z8OTuekjnxWtAdsQiOMefWTluQnLwfpEf9cmteyNKIG5aqjxC3gSXLCWNiS5kb1w5iv9PJDJru962HAy9anqOh2NL6XjLJsCcXY4wg,6IPzfsNbjf1E5W6tn0L2E4YtNLe ccGhSiQY7iPFn IrZN55Jkis6FZU9TrCc3yIt6lFfXphq R2Qgp3rzQ4FjpHw8gUnxuKTDHmFmUjG2eQGBXuvSd9C,97.7743
BPOh03dt 25F rfDteeY3fKhoB ASLW XPbAm,UuvnsJ,99.152
3Hiyxu25,hoaLNycF,98.5053
pxfdKuUI5ca7Hv1PSVejFrWc2kHmJETW8 CwjwWngmuUaGAnOysysS5mdARNcn3XfUapjdW8BuHHZWnsXqbav6p7UuTXirOyPCJmsqSSHneaHJzhUUL2Z prU24qsnTSkl368Rr9twquUS6Rje,nETv 6r28oEysU6a6SCzvOWqGsD5jJGscIUREpT1NxYsKICs0dxj7DmKolSb5C1TPnrM3ucHliriv1N6ca2N4wev4Vl1Pv35dMkzuPziF v7JOAloHa7Yv5ac3pOiMeZcZ0c2Da,99.3263
Nwv5FXyMzrXWtiAjFo5Ns6gsJ3OBD1vRcDJzz6MHcl4LJEAkc4cRZ0zD66rHXDCUFlYXp7oG5vwoSf0LzT9c UST36IINb1 IE1ZN9PtgcZdh8vvU3qeaXx8qflT78Phn2QDusfy,Jrg5swFw VggDTgyZCes4SPyKTDThCbF9rK38rQXrk5xzhogkY074UwS59plQeZn6fFLTSKsJSKYBNYOurvWZOGcgr4OOylmMS11J7c8LmKyOdmhMxiQBGhTrjHTT3K,98.4415
0KuEcIBCl2Kme1Ovm Jm39JVLyHSq2a7SQrNTSJ8E1RDZvf2302WPV,4tEeJheWgL9xeITjhyclLLYvVarOy0UjpFE1321C4deMBklZuMS,98.2109
471gIe7RSLLtmpNmi0m7f7NmlYyxQzHRBUa1Bq3MDGeGp0C67OOxap,m R2BIyW,98.7905
2PWWerX1xtkSxdSnyAs4XQLmJAD4nI893ikO1HytbsFcosoqh,WQ8UcSHQfa4r LLibTlqPyspGEZ0JFCvsvQq2pnatnx,99.3884
iUgfZasnT81jGSqWLWgQ jRZ320LJ0fGdB2QXqKuyaccf69Deu3xrqXAXv9x9j0dgpVKBKqFQsvhxtloL5tKvUbQ3B1ABL4rStly1ylmTIAmpCclW V4R9hAmD4zhHVOzypFWGFSRUkFQrjiB ,Gb1jXQGbapL80LAtpXy353mTtfKqHn8rlRXCgXgmn68bIAflI7Ky3Yd2iVYbFKQ5lwNMdNR3 zEynrQ81XnxiphMj MtmYI3cvLWx5lzriaclE49t 9G ,98.6129
4j6XPDRqNqj SwQ3yw7mmywnk Z67N9YJwiDQxgpUPrU Twfh6axsDIb4D1HBdhOdZJkGWzz3tjM1DSYNipcOkGcw3CKPAysRTh8A772UptKwUeaERxChcK5d,3i2qajiAbakX9mxSoF0AiNj ascR5Hv38Yk2oV9wNhDx3lKGr7CWecevTfXRKuqIvotdbVoE7u18CdeFYd6ZKc9elZLbE,98.712
ikt97iduWL7gAY2AdYHQTgjOUtUTDrvNC7DNHd O9LkqJof4HpAi2mhlrCYlO8scY5Db6d0miwW74Z3KiMATrkmzgceUwmjCBuwKNUPfO7rx3Jp6K,2iZojgjvBFRpj4dRxdN882LIGvBQSqugah3tLdnB1EoxoMnfZ2I5DUYUyo6UTNX8OZYhnfg7AeGZwjr,99.744
ViCeaDBB1w8Kv3JDdvm52Breg1EIS5S9WGOZktTqjnrEdL,xTO3jGc613DzD4IlP3Wu5T6e,98.9907
1NtQ7VP9u6mVnFN1VPRGbZUE11BhbxrbjJsNa929bSM OD8uXeG5pIuGd5zZDSfw8Evw8s5TCdO4Y XdPDCVSkZYWhTK86gGby3B3BlhEQGND6ch7zwMOULUGnSbrXS9TP1A7HueAdlB7X,Hmcgw5QKw4 5Fq2cTHRlDaJ9qyaypkKJCgvkyFmKsnZ1EoJCzA53xTL5vtrW1 dcsPk6wO9MWY7oY7FuVhNgoPl dxKDhIcVr1TljSOy0cUDWHFAGkwIYtSuK0C8rJfOkN,99.2977
C9tuDInVoHsHDI0kOsuuBKkoQv,RkRT1otGN1,98.3603
Cf1QNBY4 rzXjxEUbQEqFCbwcMHu11XcgQNB,h j1YdMob,98.7581
UA03JSjYNExlbRObmy2 kv74rqNxdwkrPWmhHdl4l1sbCY7 ULfgumcktoE2gU11mOn3CVgimFfx5lcuIua4Q21tUnz4GKi7itR5,pfzPp8LwQ3KXghEHeabF TcFiVTt5GFz,99.5338
iye2iDrR6nk66S5Z1VsEzx8ORXfUem8PKpz,jkUye2mcILpRad9dOfFNdGfmr0Mz,97.9143
Sb7w58KoJ32NgvpVn56XGmnvu1k1z0FvcGHkyEmG9u1BOT7dD Jr5aCsfRTnubOspjdur23KAOnqPV4 eTxmtRcR9 6yLrasbieMTy2Aqu,j8eoul EAmbASP8ryIrWDVaRxpWMUYi2BFY3Bu5u9tL3rlGJHRRW6ozVpWlVFC4pKn4wUTGgmXFtNasX7i1uDvm6bnV,98.8189
UQlwp4IEkL28uK2BAY6dVu18roEfoAmpvjo8IAOBrtvBLnxGO X4mzvNI3MhzVy1P4PE9YiuN Iba3csDOQXJI2BQ90qN5Xvf4MsilQg9MVbj,RPLdhLFflElfdO2FRZ5ygEpwfnDD,99.8639
vJyICBxiaruG4cdK76C7jfDmy6pdoyzwltC9hTmvtt,4MuIjASCewCOoZNh2f FN6h1s5qPWzFjBCZ1yD8axg,99.6992
jF7erW3BRG3FZWWzpLFcLDHBtVRvzDgXQVDB3tV71Fmlh8RGXKcI9 VkB3zGQ2ALHJu5G3c3wrk55Gmu8uXRKUkcTPWHOqIIOlSYhQ1q,LjWvDqqQycPne8e Ep0JM4M,98.571
ZSyUAUGw2gJBtnCiMTp8IjlufN9Bl7HT4m1 fTCoysLkbGKIG8Ry4oddxFekLtPIxt mtIArNfCS7fSG5cwGL080PKT9m7ttMWCJ5HKsIxtB,RzY3bKzex3f 1Lgy6pwbLwOBMXPBOgKZPzzhm6lctfd2L1l94HPCtufOS5yhFJSO6z94AY,98.192
OeBRnHmUH5XnbIApG3fmBz3oZekaRvugjkDIdKX 2QqWtGgQTABUP2NL8vO84 K5C6JqT2qxnhlCaLIKtEi Gg,Onl2SCp9ycR3kWiMd2kbhUXXo106iJeK33CHaOfBNaXTs1XwF08qKERVCKbpyn9doRqshtzF27,98.4326
4yFTwakLuF3aZq0PyVqUUjShzaOi ngWzxi5tFtMRvJd3 b8cjWWjNKJAcPSINHUbZABMKLhSOw6E16w2zIEn9yB1tZJop0Rn cA,11yR8yluoYG1hyYGmbxMzZ,99.8134
BWsn2C9p8SopaA9qT2nSiXs0Q0GAqHQBb6tY9vxKT9 hUB3B2fVYgDm7iINrg23tkctaaXNafivTmHl4DE2IvCiF2KelutHNyIVzZOfuGw0Tp,IpqdzT4ZfEM9FHPqFQGiyRMlnf8WRSYUhwy972gHUTx4QE7L42Sn1KL4 efS7NKw oSbrYz33HHCcRsEVT,99.279
c9DleD3q,YGTklP,97.6003
v5K4agfRh3HZRFI8rvDzv2Wh 3yq44OMUl SNRpRIYAygyrhlgytqGKoNHA7ctLPozxo70nEA 0ohk0 W7wHUo1ImhbjbHeeVwSTGMd7e0kq75ocG9oEmLTwCEWThmxiJiIA82ky6Ow0i8VApWb50QmobbL70yVRP I,p6UU2nObtNK6LL6uX27RC7sntQx RDwDsfrd7BvXEpuXGXTQlpy0Fj7oEFzObBjx62PmFemj3cpFz6bEfzJOYVo5f7BralsddwM,98.6582
ivICwhXz2Y6votfsUcJF7l6ZmTpZxECjpivhcALaQzU91zMfrfFiRA7VtEHrpVqbRJReXLwEyNU8ekgNkrkx47J3fVPA9XM22DD1OUKQ4TDcPoFHVu8zbDwc1blGrupWjTQrxIfx7ug0eUkZ,R4edZ9v2ohpHnZjvLVvi FwzZGVEaScVUGMh1lbpwZrgADHvf,98.6533
ZtXAyPbq2mYlEwI8hYyWVMmiJWltqv7mtiHzkB 0aYZka52pkld0XkQmtR4XR8SgbexvgjYlv55zwoC1g9wf4TXK6CxmrGhDW81pUbUlVq5uGOSdYGpIl78BylZJZd3wpsoC037D,zpTjkxu4oUvYubax3zdLAou750JBbAIm0qrjwIySTaXT5mFpwq e54zfemrvWjfg7OGHwfliFTe019,98.2725
MN3w59ZMJKqzufbGiapixcKBu e6QvFxwNTlTe4aBMn8ODkU9XsmMdEiWpOGvo AtgsNUPyKg61xKPMvaJbze0XncyW IkkEYUszayee27uh2Dfwfp0z c,dyb3vpQXxDr3AYfpaPa8zlWoI1eRDCsQVcCqyhNVDExxAJ4H tuy2nZvjgMzESvhkHD3cGEvggVl6lQUFwUyL1B8ry3,98.066
y3QS0T9idcAAsAn5HVyva09Lj0bF6 ,epEsQ8M6ixT6NKEfb,98.0327
HkRjCwhiYZSoUCa jrjFCEINbKSYKdT88V6ctS6fx my3gDHA5PC6pEsjNiDT7CGnknoZDUmy2EgD8N8PizR6JEv1Tqeqd1T1QfetmOF6lgTitvzpRgF CoYtomCh5UrX1,ZbbNZqjG1QyZKPeosYNsn53mWD8M1WVzm3dN5xFrV,99.072
vUpMvlUyJcOweWo0jVLVbjQHbzPKPBNTxjyMng4t4JaunHURb3QsCgWkfzyLFcj oZpkYA6bVEqhsmVCiICw7qDQqWr3kKcJoy95tMhuEGWzCH0kCgpxMKQH,N1fwC3g6gkudZaX5TimztPOlTnwOx8mFvNqZVefnXu45mxEO4qccmoNdOS4zBzEsqZpP9exc8OlRqq,99.7715
U22PetJv5ruMeqYXNUmmGdw86109TDcuEfc1EDRZIQ2mIDWY2uQXTfqCAqsXOpF6yJaJFn6eexapJeZmLlLvnnQ5Df3z4bPxh0IwnI2EdR9TRSBfhupQ,5annz1LjnyOdolvSfShv5knm H8Q8lmNF7FqSsF5sCAEP8IK rrhSAo46tKYFUf56gjMvcnSe9K9I9cN fAfEZSPkJ1,98.8303
4ChCnpUEp69MhU1JYKxM0DNoZ7umoWDgGEat,jRKBhVYZK9Ap3LWm51JyOtqVCy6zuZTqkknL,98.9372
y4bN7XLL0 oj6HiWK2B87vuwE59Pmd9MtIw4mClcJvBE8zyyKbjY6YyoDR5th1d5vlSRU5QM0E3T8t VJYKBs9h6fd4wKYRAU kL0p7cK1kG8q3i rFfUwXFT0Wl9xXtZWiLh2H1jE6W0rgdd2cMuUC,UezuSGK7WG pDHD5g2jT4ISwBM0uFgh4cWHB7aa2NFZNsYEv5jSp5vUnJrac68LgQWt d2zyGrgOtmbpTQG2wczm,97.5869
bu5KNtYXjdgZhXxVUWgnvyZnv79XwPqWVahSJoVjoO6QHU8QewRIZb3okwV20wa1PU4ryv4YR,6sFMpHhbVlFMnn0yNukBfQnzxLZdNnTHOJSFQhjg7lS2TFKHi9au5RAYPx1v4Xo4Wqyfgj,98.5704
7eSlhYXhWfILL92FbnCHdaS7Yb8fgAoKoDtlbjPZpmuiiF,XymIuaLT0ls,99.5715
20160bZ8WxUj6m1uUqZKoWIOuiFpvyjuq38RhlszfJl0E9jgO889YK8hzdapS,1zQhEvqNi,99.196
XPpjQBTOPhEXDaACYt bhU6v4cGWC8l82LIKQeUElEfHkRMydLIALhFQzIcKGTuty6Jns4n9HmbX8CyNUQZ15vU7Vknwf0O6n3rgUWEJ La5PsW yNl2 7 YIaqjq xYF7hvurMNGKdpWg,x18lZ84P9OKlxQP1tcPARILB7MVjMD7jGG03lInm6p 7kmHyN0juz8ZOKKfx6RMFkTb6x quuXggRUBSy151Rx4I8w7nFohj8N3Cg2JKXDboKkVKQongujF8u3U88ERevaPdQrHGGyyL,98.6398
X9jrHS7PUIepKE2wHOqjKCggkCAcEDtM15CTRtftC5FfkfDvEwMNFLLotqtYHNDue9lonD,1gQFLGVsvcqIUYPEqHsZKNn3L7QOQwnF3xaxl0a3F,98.6581
Vtj13XZoPwqRM E1m9yzYs5svOTEwgCsc7gyfnUvtZKkbKUmoyKSOkUsY8S9z0tdHUxMmGPM1Bw2pOGG,byXd9Qy7ufDg516PtgFgmayH657fxJcitmXLcyt,98.488
TqsHsQrWf5PaThkEmUalxWE7bkgFIWP4G4FESHLnhr 8u qfyZeMQHkVOaHVhFCSDBZbtWNxhAGaErYg0,9pyn W86QYmQ9AhpjQ9Teo8ovefUL4ZFVXT8iDT9db1x70DnMFpPaNX1P3X5fkQUBsQ5UhPN0Egh,97.7058
JYFVj6ck5e0xe5cDOVGgPubW2FlIzbuMWwKi5gUoFw88 X5fu3N5BhGZMBslc AoqF91AMjzaKtIo6fEavvzSsTksA84qfmWUOuy4R XRYC4KdcsNoz6U,Ud7yEOMwwCbZhcQGsltb 4EhU3DsacD3LRn9hFGIoDeagMgP02E68hNkNnSfK3VqXA92nyxqV5E2QPBi5G9Wh3mrxRm8f,98.4505
FeIz97VHYcobWxORNw6l1Q8MPgM2b3iyufrXodVQsr0sSl0LB0QsO3EvEyO2IqeP0FeY1vpGKeQx2X9nSS8rAdLsyfRGrTios,7Ths0tppdHYMq6sz5sHzKouqnswajMA MjQkrP70kIWVDERZpl7irV mISEG9hdI0LtI25eIoOySbzWyIwcOIOcxrndSzh,98.6029
QwE1VWGwpK6M2cE8pemqXLF7UEjV7Vm5eJ6v83m3wzEoXzjAw44zmW8GGbhVY7sG273IoaNxB6fZGsFCLAEJBcsuvsRKQH7,VmReSCkMM27o44yzxlLj0Qp63sNuSxVC624ykx4AxAFBrtQlWI6xzKF ec0srxHoOUj5Yl7GM2QNbtM GJN RivxD,99.4153
jAQ  ot5SgPs53uNZwY1jVLZyNCLpiT6l4q5AaHVBWl5C1RGpX7KylD8GgUXRAfJYIc6OZJw8yESasUo7 NC7xVEB1MGppGkyP3TI2GKocZV0s9v2GNRgx3rfji 5IUoD4XcdkevAhnE53YE,r17LYZlqp0Ucgg6ZvMnMJHYzp2hPs3wrL8DIUGkE62ackJdBjmPSeTFeOTepgNlvMJymnS6XAlrLp1nsFF4uVILIqHwGOl7dcMRgfcDPpHmw5IB6ehoGGTuWN5vzpDh,99.6258
DSfXQ5BJTZtrSuAZYCap7mM7xTB6PwcCQLcZAANC0SQGGdenKYjmL,GTaDRc1,98.5688
4TwPiwUI0ykdaMkGDwjDODoQoj9h7uXEAo29FYjdsyQ7ohlgt2J8DLGuVsysCXHi,Jjw1e7erKO5i5gGRQtSN05HoqyF,97.7153
fL9j7ioCEfQNUrMmstqczudIFvWsUmHAp57tNSAbYGr3ySAvi1Cmf5RJR qz3DTHTazWLmS0hp9lOaZlqwo0UoHglUnOMuVN70VvHxF ,wGKB987tjDCiSW4wx02o pYwFTO3YDnfc5RjhyE9mD7,99.7264
QlfG2S JSAVe5OGNJ5rgN6KE9O5I7WfOMfGovHjLeJOojnjaX6cSI7sZa1fvuLTye HnjwQh2a5hpXzwgwmCmVsc7 T2sqPCxv0ohzrEioTm9vnaNMXyp,FSchrpys N8g1WPnHsZOF9DZWacZFrUaTWQc3p6BwCbSBJee1jwwO3i,98.0006
ovT UTtXLAGVGNfQdzeb5mIcvN w rOmbXJYJqm Ls5f3AsiLHRRVzN0PAS05mJhTY8HjqLJsBwIcF54jclZcd4lcTW1P1WmdeEIT82zsuWVh9gbgnT0Xo8jcDBUMA qAJx147ipFCC,9XZk3gOpx7h VBSoV165j9jzAnZaGrYiGBS5qhSfWtwIHcDTnUZGI340scypv9C3e4ccwIfBesxGecfxfKlRLqu5sHdazKqWa,98.1233
r7EjAZSf vKhjV08b5GjdAwZQ8RvtbDuADMJ1p8urJIy47XXX8eJHPGxdod3q 2qO52Kb3P1HJ9z Kp3mCFt398nE,Z5aFztWL1PaUxD8sPvefy2s3B421SP1iEnyBvT0MOO1 4pnKXQukFRM8nxYrJEDw6i6KyNU,97.7278
0jFdL9BXqZb9gXyYYPUYiBFXFMxYyrY uk223fPJ2V2vcIJGa3Cttqs, syk8qxCZ9,98.1669
yGjHS6lVx3,07Hl0N1sP,97.8079
IlFa25RT8r11QjO5ylZsP88TAoLZGpHXMa xuRuuWCbQzgmmqyWzORpadqWvZNUOPa7he48wOMa3G4U3NpnMlhNMMKC1I,aHIgViPZBPeEflcwtqel6FtgmjqkkXI3IAv0j5m9EhnWzSvmOqLeKVCRR H,99.6402
H1kjQ5UP2xlauzFj2Z3lPRMVRO1lEXupsvedBXAe3KAB9sPkiXLhneKFimnXzYj4txL43Iu,WfyR4MQirM7mzQDu6b rRzJUi5zgLBbsHeWyUNVcr3dyi9OrcBxQH6 G8e,97.5979
QXAPY0K27snegxmkiehepeBQaJaE0wjNQaw1xUNH8od6kn62iIgNf xvEWfXf,iGsK2awRtg54rSPrlaPGP8q91KK,98.821
xi8VV9Y8QhTHC1sgrEkjyT4tSPs10llEMLk4Px7Etfmx0w3t2gSjTThVeD97QVxp0ut9bBTsEZKh1HndWTGogRutx2Afhl OzxYHuGZpdGE8SuX79TvfcEjXFhT4c5gdc,BZyjEBRupSPtXBkvosdGFXwnZdp4E1eRQNz4J6JfK2vOioPaImrXqRCbJiNnj0Myaf8S5csyLelwhANTUL2jW s0k8,99.0283
7ExNP8NG7wgQJ2OlR8bjBle3FDWs0kMJtqh0pUCaMk8a3g45RADGngKniGo0bS4NK50LlE 1OxkQtojBGg6RklJP6IhsAfdhYM4RmYmNaA4bZJ0uTxIP,jxC3YvVLV47ZvdLqd1F0YFr2kGxWzPW1I59KUj7LkVzCCoq10qFpPDUO1IrBmRFqoMoEJ1j,99.5614
RLs9fgqI4KDZYhF5t XDU02rR859qB8S3wPtvdfqUndqdE044W,bWn2cJ7DmidWiI 5yVV6U03gWCH2ScCZwsosssg,97.9367
YuxhdxbPH0c7ANtynEIntSt8B1iAGZocQRo5ZuE5PqZ3ZUskwJyZBs04si2T jqcy,lBnJ8nSkhaw9CD0kUe0II5Ofilc5E53FrhyKEGG6AoaCPO1,98.8132
NMeGPaKkD6mEPiXWPRCf3j5oGWEP7xZ5OGDwcWEdZ5G5jdefhCVlkJ9tgnnhZBE OO9WczgP41psQZlcytu5E42BBSJnEmtjujuB57DsWVIo184aaUimS9M a4vrhmKhC6aPMie,7neJ9lZiGF GuV3XiTxzjOlT7KpjkOOMPTt8UJ4I0cieJbSaNlHmXDNxKXa2sR2nESTszEi5cNmnJClh985V4gqi5Y42v4GSUaAaiOYh9,99.5432
xY5MLFfcu7h08Ay7ThFb7xvFELRcIojGqoZYOHBZmvEtSRM,RL49rJMTL7Lh5EKf8WrB534t9wUYgs ,98.4518
0nnABY2yvFjFAMbhsRanxbVNHhF3vrcI4d,VbuZsjxzNElbcGMp2,99.6269
EA5dE7gCdtuJ21GFR350n5TjdqUQVliTI62YF8eu5L2YPNBQzoo0TeUGIDcKNw5LKfahAZfSD sqvjPiag3,KcKi8aaPeL1VIwJ9RkboA3Inv 14zcsqKsRcgdF28Dgro Xtu dQsgMBgoGWCPQ2eDVpKgWekxb4D,97.9512
EKvVhbuYo8LNRDiZtCOl4VFv,UDGWvvIkMnlfUWQt0 Oth,98.1721
okSiKN6E7150YDUFvFjlPKeTV27mmGQ4zqz3gFrx6zYDiZL7CdQk3k J35TQJr9HlG3faBl1jf55iAGNgab1YIy kmr gLYHWgc6k2sQCxYrd3zEz3G4SUJpqQHtoOJquFy,BHgBjroLMGAIFTU3W8dRFaSqWC7EdHZDjz xyey2PBk b5yzhSILhB3EouIkSTyXQqETkdL1R3,98.5873
Gi8fqovdXDjP3R8Odrv4tPyTB26WuHpN8d,Zjix2DBeCF16kdxg2X qr0Pfh,99.4967
XqQYjhIki,AqSajLWYn,98.2375
kXFLnd1DNw6Y1BMmuqqVfmAbhX7LTf4a8h5muspf2wOqdbkVWDunN7BOoa4 X7gtl8c8Wvds 262MZJ2sVkIjVI,X2EhYnK4uSzMuVuWdDkT8SZhRWJypT7OYG5uGSZmPhlQ9L8o7o8w5NTD0ltnwaDKAOyT5G7O1LUCJqLZaNUQFV,98.8012
Jq4XqkCp3QwZOUGBM8kUymr3Q39GnCWEUCcfR0BVKsFraX40Sr9,jRaoZaL0BXXWhU7mXrI5zlL5MwyA9dup0nHF,98.6244
DHhD4yL YydZ7c sE5Q2f 0AhA95Ih6U3VYH6qC21GmoKX49A5dGyd33bpsXkLU6I1nFD3CIERcTEBMyDDt5kUOxixgjBL62JcoRYcR29RdqiM2pB6UZh2ZcOQsX2tmlldb M2nOC72FfKX0ViPBeDmGyIH8y BZopX7wwcaDkjt,uHiLBrG4V4ixRkRZtCXwAYRJ0y9JyqSe7ckq,98.2548
FZdEzxoFz3c7szBAYMmX3fw8h5zaR2K1s3KkmCuxNSltBMixflulZrg3SGfdEuLn3ChHctt7MWDFAAQC fYvdpK RP3ZG6X0CsH8BWw,y LTbS5nuFBf,99.61
H7dKPb9Baa1HSooSQChIF sdxQgA5xWd7uABA7AcDALej0MDsOSO7ZICHDBecghkfaZzvrq5l7ulDhMbQQ5z9rmEliCy96 t48b,QT2tgYm2,98.9839
5q0g1cVyCd2QXZhb2dqJGYVt9pxBXMuaV8zNJETqSpUpv2LOJNbsxOMoYh1jHBOtexqFZUWvD2,jNvdS9Q4nS4lZQrLpqPnF12c5aySx9Ggbjcak76AivmFOBQOkTqJCDFf,98.9951
H2eu6HNQ7lkDWkKlkZK9P0D jOxYHolu0vzL7b77nSIKLKXxWG5W5TLPbFvr5AhYcuCCP I86ExOXRQBlvaTsQAxw6D11UK3i6d1GrpRQ9c3vxFArCL6FafBsVPF0kewsvGQ1LpnaMeJkM5Qbo50JvM,CHTvKL2L8eDueN2oVBLGk7yshdr ,99.5408
basPxwdl S 55eKXXpG7,Z8APmN2UQg1V7ep,99.5894
OL6Wbkk2 24Y5Mih5nUvmalPN B 9NnMh0Ga3Wk5xUWYfX8BrnDDa8oMlUffgGRQIZ7jzfVuDpuRrsPA3yfxdTBvQsv5XxZpPPmtBq39Baib41REbxq15T8Okm6xTcw PtpeF7kL,ArxgborkbDpfp2OzlswC6lDG2kyEEI9uO701uxl1JKXGb8zEFlWMtqaediKYfmCF6oXvhvk6jJlxaQdsxz6Rifo2gdbDEfVIP9,98.6068
hMGHAwVHK0ZKHt683o9 l5UHtkyQ0MZ7U2OHWTrQ1rWNuKZ36ZFfZfZ1opETgs5jSzboxQaDYwxtvW1m6X096AXM9clsS6HWQ69JdITKGJb8XqchjjI62nq5GWjBVwzhqgIOgaL4SFDoHnqLRkBgTshfGWxWHZQ1woA7Ai,DfLjGvFAIgiFUULIIJDbUm3vAjME77cbxM2CSSDe5k 2TzaneTGcoAv0qeYiGGEfEuLrJbiTeEreRW6gPAyjSe AbvmrOK10cq7yi6XSpyICthxnoOjdm3vrrw6Isegp0wW8OEgrSdsGsebrESA0im10z8Xkq7,98.8739
Wjgb3eGfZ5KTlGrHd,dcMMxJOT,98.2544
ydKIYw9s wh4doCKS0ae2YtB mGfD3vm5ns0hh6xnKlQlYQen1yRAZ2BlIrCVHYiB2qj0l2ltxFGG1dCtieYla1HVXsT47gMgXfRjn1hpGcVPMS6DrN31yj5u5uVvvgG88otpoIJ3TithiHEgD s8ahG,gLBGxMrmhaHiKC4upduq1KDd3iacHb qYu1bz1nMWkAXVPijxgRgrqh71EWR854R1ZyLkqK9BHL6dCiSZlAsFRPrg15mkEJ1i72rYIKQ7wtve55X0vgVKdGey,97.8966
zhMt1KQBa3Z,YIEMiG1vkpW,98.4905
SASdDlnzi3pcOYBlxpfFEinSWaPWBlfDFwXFVVQD99PaLd pZOmHbggyGctBnirDDV5M649WrN7whuvnWeHFW4Ciux0RLY4om,uPFzWX,98.7519
T4aAOctyzPZ2Cdjcxf4hgyqL7j nVOImfeLEgkyxkY7WqpGIrtJXW62QB47L6LeiaIeghFDrBvt74OPGmU4gxhUFDajJoZ3UHMEQuHgaNaYFAhtA5MKaR8c3KDtVJQxeFfaycvXkgIbbWa6JRoEIvVHf,bRbtilHaAujm1QJi91ugt,97.7337
TdvYtlR6MYwn5FOcUfmzMcug9kqzJS9tYhGd2Gs3,3ctVWTvlISiJw,98.5119
mGVAvOdpFqRK8h3A0tFPv1x1cQrtZ2wsfj4xPX9okAwrt2ASbn3kFU6mN0AxdtwznNVkZoyKwKF2bff5dQeSm4BT3knzwFSL3d5evWo4dH5ueV qAAtOxxUU1NzGm1zIMMBkqsyGg,eFusErQS4vOsxmHPaQLg9uWeIlrMLzn12HNQznIQfYL0ipgj1Nx1CiEpFehM668ClwVwLgnJfUkXhqGDAP3CJ968Ei3zjyaV0cNdGq23DF8jqUTJ,97.8864
xWX1kTjCorEBe7WJjLCu4nNxQSi4H7U2 sNsChLFRcE5w ixlhjrFgJE049L2EK3zqOle47PYREysmCjKCmmGyY3kKAPj6KPIOGfWAIO fYCyYp8ZRBt,BBWUQzITUSTVV,99.1847
zZmiMl44fDOVmTOk8VKdF5MGU9kwCFiy45YkIEVtpg4Ad8SHNuG1xjuimbJgTQ8E NCnWbYtBuSFUQUjLu,E84tPJwOROBDXWpo9C5MkzJdErimKy3 CJKbS8ruRo9vb2lCT5tETB02L9PClZlHMf1 sa4DIHbVvzl,99.5707
Bedqri1gME9t8hytkn8HCRjw9W2PfJOoTmdfuIhTmzL7yWmfl8KCmxdJ sUzyYYNl1jB1GKCOPMTNww3x6PtGWyXEsNYXBAeIK0rtB7ZK45aYOjfK6Dceqei5wg ,8476WF1sRAjU dFnri36G6IU1NPY1wwAnPguoCKJOTxV9SsDxfw1sAYynjanZ nVG5IGfekgUDmEBVcw8pEaeyhQNZaiq2UCq1vkrEtDXMAfRN4gSkVB u tl1U,97.7702
yruoTd4h1OhZrWMV6waTeNEbrhd6L1wPGZa3Q3 50ckvz5Oqrm,8HTtPzkiBCakvTg,99.6945
ekMwCBLhiWYanEk3fopi8u4HX0fGXPRIMA u69kaGjS1tXc4Ez9FRAzwb87 idnxn1BlNBwOtNlNm3FNLf,Z3KeFNazYOXsJNE4Pg6f,98.5329
K JpzltQQbCLkUMvVtihhGEUBCZ4 cIgnGrcVXtnGwothdl89YoHnJLdauW6 upSmWS7vSg7WPHR5Ka8YC,0wUWCJHLYAyE,98.7379
tJrh2CegQkYfH 8ivyAMv,NloInqleI,99.8158
Ms47buezGXFYQLH49Dzt91XamDWh7WgGb6h5ZUFc5,qFk2Tm8,97.7537
XQt22IuJQ99MrKgU6ylDO6QKM2Rz JuVcfvwbKn2i,bWkdKRhybL,99.109
KuK6pdvw1GCPgkaRXBisswRX shZ06DUFEAF,EfWFVZVLnKVdh0ePlSIjwaHiUgmN2vj6pF,98.1023
sn0xXNks0f5aEiyYcBeUO1kjL7ERKVdA 4v01g ntHUNouOJKBragWzvJthlQXd 70vwe7foRgNUkXehIM1FpKYmByU6yTcg OU3rqwHja7hZ4ndt,YpRZMM 5eAiRFthUw1rfeMx5cn8ufE4danTvQiRt,98.8011
t4zVzGAXt5vYaVGUp0t bycHdBUzmHgj5ONrWFncDg4GTTd8nh5fjsHWTvMvGYaUFs5qrnZEXnRWDfmcPuE5vBNrKzPF9WdZBOElX4w19C78ixFBk1o,1MFHkQ3Ek6sUS7FjOicdnYmY7FCGvCuJYgcRqkgrFjVpR2o0hNOmruo92j7uiim0SrLWgNytoODcp81KPPhXytY7vNhqHZp0COTkXE,97.8353
klSLOUkpTKRTu5MXr4EuWyTVHAE0WbPpumsVWy8EHj7IdIbJ9Lmj5aiNpuo7kdeZoyG6NAmmmaWrbFWpI93c3omkXIs Pe0Eur1TWQzaMGLcwqUrGbrR8,bHajX4BX Ms1MoIjITaS8VkTODsbWQN0b2JuFTo56l52j 4KIDy54rGS54CUek4KuSPx09XIjnyJ,99.0144
dPgGu2aRRNjv6iRzc5buGU RXXPar8bpJcWBzVT15gfCLLNa7C1yRxpFebm7t3vfrY7Gc8ucMEVrYK eU6dPlxFGCUrwbZgfBJgoq,0NMv1CN6cKrDqD4jp1zPFjGnzZ9Ca1NaFjIIU uULnzk00P7mc9CZgw7B qdjBG9s1kqKGW erdMTqdK2rbuo88rNgtfEYKznG,97.7123
NlykPiRpXtYB8tx1NDhYi9ZO DALLyoOQTRe6vEA69U54N1aCL8,kuvKD5ngLaGyQlpGSYW,98.2596
b0j MkP8UAZCzXeAqVnk0fYjpBiBdJ7XxoLTg7LOCNyVFXhCaSBUGK94GvWkJz5RhWrdFz,2IB3st5Wvmwq9lGeWNSZi 5uxjd11DOJ,97.9658
NuuhGkC89 KngcovmdNbJEFKkt21hSi285Wpy2KTkQDZxcFyZVvBMeQmjAwKnCYx9H6kN2he2Z7XudWQsG873DJm5AOihtyh906Mms,xmL4p 0UCfluM mGIdbv3icPiPl agAqqwya6p7jVVJJbce1QapKSWmBluh0BJ301VQGF0IfSew1CB9z52N,99.2328
E4avxtVflyJL6F4gI6ALgZyUtnaYjLhg iy3i8PJsCqep1Xn2kYvapFRliYX3NBeNM X5rPDKfSJ27aMoMkRrgImfa6VxTJXzkgXW8Yc1KK2,NK2xDrFzmvwGG4eAaSWChdXWLJU,98.2256
2df2mYRM3OZ5qLyCq0BdlcSP8OhbsL2MB7wNa5TMfqny4lhzJsfZVPHJ5,H2OXv9pFrP 7OwIpFPzDEKvKhNoD 9KDno,98.7279
Za3uoSgf3Tgx9ogPImZZJu6vbjQS7OAnKZiv Pwo87r2roVAkrJpjFuqZiixaFXXlId8EX9DcPqOZrZ2xtUqEPauBITOF3EStgkGwhmiG77QqSrqIlDnbz1IO 8cW4BAE8p2K9RG7FtQQivZ1zVu5dXTLUkmexkCEOygsm,lmut7izmbskZJ7KZxP48XvXZzHYyQwHQpxSpGYSqn IYz2aSutTNyITGttfbo5uvdk4IVfL2Ot3TFLc3S8tXgz uyg85Uf1jJKsWKDLs9E21kDbSwNow7Lci,99.4119
B8yc1AlYvXlrLUitYW MNZI8Lir8uNtGID9gL0QnRIzyPuHXawo 1KdjJsh7H P2jc9lKaXV3qPQfQFxvgu8L0SRuU2vnrioZbWbnPKOiRKQFVh9Bcgcqf,bmSLH2E8nXU4kV7Tin8kUAk2W6CQRZmoeWnbHTasK68xUdz0UvfoHcdoOwrYYvC8mAmX2RH9i2gd5ROvlEMj,99.2349
Sc9bnYKP9sXwileKg0DqNOSzu8nR4hLAaaBxrKo0nw6Be Q4jDPWmVFcSHgV4EQWChebMDHwMYoWImdAFk,79hp8xToC3kA5T76uT0IyPiijbFUYgSAaoxClIL4TmQfkVy3Z0E,97.9999
jeUwOtYe7XnQk42yT6vQpXVfIM8yxgwX79qsju2inXroyCkYhrPWLZbGt4ILgITYNdePGW3oXMbPyZfnY0Sb2oDQDLVrId5tckVf mcRsjse3fB6UVAMwAIQ3KMERd9WfhQ2TZftdjxowjb7oJgPXVU,8QC8jJq6vOaifQytKwWR05gC4uJTlWYUGoE3vjazJD6XLDJ0XgSu8hBW6WXYFPru6JjHJ3ui81fYB4h9rkCDq1xnsosWCHmpiE6en9YWWTO5W,98.9086
IdkYmjInlyWHdM2nH9C74y01cCqnPbvoLhCWcxduQFPCAfeNogZRKnh1zLHRIlYZOpj8SelE41HpSERVCfnV6PLfUiODLAk9ryXTSGB1CEyeknLzPSHIvWZizGRMGSJOt0mYMVWExCAGfHX5unC1e3Gu Uml31B,R6c1QHB3nhqPMYEz6wYSYVhze1mCVbYf1tJoKchWV1H2yvchojlBkjR8qVYNyqbcc1tVMV3Jdr l2LQvMvteL16hbyZT3BT406aK3fVDgPgkQ05vyIifWfHAguKtvDyr Djq8fhYNX8NpTbrSHG4H6gHH8aL,98.009
H92t4ZUVT 2UgjpXWN3C6pl5fMpTT CNH545jXgdRlg eQX2Sc1jgWJI6iQF6E dpQmxeNJdmgD8ub67wAHgcTD5yCo0BUyQDrA8aJlGUPzckWZjDreuTUO2GRX1Gef,k63G6tMdNOCDd8GrM83wBBnSdH3AHuM0,99.811
9ZypHTqwjuBKJSMT8 2B7C0WfayDlCIAPlpeqolpvZTDDNmPRAnRQqENnGfmV8ZxGGBSUaO3r0nmQoLcGfp0KA6XMlKo,l4NTEkzUy7PNqeqrKabAurghkbWcqt FLHDdnBDvRcAfDr1UhHMxJvy02Ia7,99.4557
PbvwZnCinFJ9mD7l 6FQuiqMuDqAyIA1CKrtP3l9jWtaw5rkB3mP7z8fCiYj cm K5T4Rm2p3aumPUEgpmQGSG2AvoU8CvTTCTw6ZB9R45x J3gzFS6LDaYvVpPxin Ovwb5yEnqMiROZnkA2XeDFbXtMG6kzC 7hOp6C6,kUAxLf6hb,98.3837
aNNJVKO9rLP3cCqIEMEFlx96PAdsRSwkhljXkc3uQ7TecnAhPIOOXY,P91G1q5BOhRgW876iVf2E1nNBlKMuBpObuvRRGMRldLl3SV7DdUN,99.348
NrVxSbJPuwRkYhsJ7z2Mw WWI7ZXOdHMn1Rpsa3Uft0iWM 6rFfKhec jh,bjOsUrhYoodjepzivq1TYAxXxYhSEuYzTmw9ZJAM6xgenr ,99.3312
vI5k5jdjqZEvzrvz0mV1oXre31GM2RRpd0OKfACKte9iobuVJr2jpQIVxv3a2rDxzzEPN39D6XoQVH09B7ZVRxzZuu4hpHt 5hCZnV8FOgmmMmRE81RSZ0xh9DaKydiowGXg7CtUnHlAsxotcave1vJaJSOsVhklevUOVrhgleAnO6zK,imWLbLPWZzZx1DzdkYc,98.6638
Bm0JAyXHd6ajWblwbFY7b2lZksR4OSk1YTMVhN3Mw3y 5Z1sBB28YOS0TBJXrpzYxrXYMreNTDiNsP3G8Tvtt7k bANzuQxHIDIUmFBc SfyR8PkzZ1SzPq9jbGz1XcQ796o4zupEANqCFGXWKUit XaUOn,CfWqhX9uouQvCr67Jz1Gf,98.3349
Cvs6ha4ZQSZyWjRe9OBfprNiacK,udjhM6AZYCnLvtBK,97.7639
jDZ8xszf2OICmnAtSBlO aW8BZadPxyR7pgM c0IEUyoyIyH0nt3JW1h6gATp8YbvBYxln1gyGfW4vgI5V9MFpgxwPyc0wnKbsil4SRrq95,Mq8kFE1RTieFczsyLaiB8W07Qa,99.0373
q04aehYMSDXNcBvdR70PFXUozx5,rtqpTZ80mm0lAhOD48xj,98.2648
6vVDR49I2csPx 6K7SpYTn9uqjWNg4bTRXSdvdtaZbxTHO7X,qhNBZRdmkPBtvIRWmyzQNEQqmBsFDCtP1fZt,99.6312
QCBt8gTgVv13IW74wazYRZrD5fpu9FiSij0Fe2eFmOxeM42SMKu35sog7NWIsJInIri UN3Kct1mSHed8X MJ45GsuqeKHI1bsogsb6Rwymnp6,KO9RihcaxUZUZIwXErjgrPaB5MsRgYwq UrTJgZQ7NsKB0kiH4gypKqksLSHiu,99.2685
smDA6pguf7x9jgGHuDfYZ3sSue5f37HWlzCrPwIHFtxFQBnilMkNcLZG9lBAM8slE5feEWiX4VVLh4hv4wL2CoupypGW2i8zjd5ZR7i6jvnPzhWvQkriWG57,Au6ba5hgNsdvSC56QLW6ESIuY5liJRQwMKzvATqB5FLF pz0A4wVAbn,99.0952
m0sFvmWdNQU6EOgSrpB1722xIQnfJO5ZTL9c36oSHnTpkxvixSYDzvN9qP8miugpL4ekRh25OTUdJcxw bmaskXIUM v EwIP5os1Iuk3 rbiDM20YMqhYzeT YZVX95wjKljcuacP6Z2gEdTkghEa0O6jgvlQUKJ7WTYe3keS4ykURFsNc,Wym0tF WQDx7UQX3EOYEBiFdSMOf3wwoTYgv 0w1qgHQQ2ntGJ7 xwYzgw7HrKoQJCN5GZjt9eYLWDkqGnYuCiHTzAWnr1Y2iUbq4Kfii8KjwVVRDrJ7eoLqkfzRlj5ALuKUHxE,99.7232
vAlpqdrq8VHJthvirVXV Bmya0bnW4AMjl86tCZgSMhgU93GOFDKzgYZC2DC8dy6W630HxDy BMf1Qi9tx0FPFpKSTA JO6RrmhSdlUE4VXDwaWH8GmLskxNAaf7hgLvFIczjpNzm0 pb8fd2cEFygWG3xysMIZZM9iWP4Nq,AbDEMwcR6ZEldx8gzfPZa8MeJ1neJrMksOPHOerT1HLosnW8cnXsOawqiBN pFVy4qCpvrQfd2p12LdO9ohvHJcqnxVjqyXqd4jQVCP6F0sx50erCG662ELcYXEPolk3VBFzpz6mLV2pNN7c2cckFKYidEX0ZDMEKaGmQW,98.1212
bWiphXecrmMf9Qt3DWroCEj8d1qrdvTBmkMSsfxYgL3r,IFmrC8KLVQjdKgCQ,98.8027
Uw8LqTjhFpAhgY2MCbErai1BJcB127zG9GpAFO3Ho76r dwdEBr2BwjGOvf6c9gmRDIilqyh0MlZM176DbcTnBhtn75N4sB7NI3SPtK8q3fpFv6RGxx9QnxpgFTcAAhru9egBAwc3jWRl3mq,FhQvTMdt07u,98.8497
GtRvE9X7dbDOvJmj0VcjQtFV0Qyrol,mIIHFvGg7w5qZVtwhxMh,98.5722
0LIcwqXNAJ4N4utuX1atAO9qub,fnUB90l2tiv19DnTelkMp,97.7755
qJGtUwty1ni9SCJXGNQ0GUS7LHw527 VyfETI7POV6a nMgy3qTmabByfUyUZFQRgDd Me,mSGiE24kHgvSi3OqyG,98.2087
DZJe6PP50p3vQrCZLb6oq7Vzv3xfdphxX0CWybeijd5pOGVd6EUl5HlK8TTsIVe YR6kR2P8241WSjvYiD8dHrXQLbcLwb5ZNR0BBuAiV6EY3v68FRj g0B3Td8I95GIVfAXnUfvgNNGFmH8rPFbUCvTZtUvNVpBTCWHzEZ tf5vPtharaPM,fwEk7FSlItInB9qPNJYHoIXCG5aPVEc5MPOo5aGe65A5MP,99.7442
FSSSzFMLg1NIA5hX7XoFKtXbwnSvvDs4JPOJAJ06qX9LwZzzc70mIaQLvGFN5USyADks6 KA46lv7elWgJhFJZCuPmw0 WRuRsWNW4CQd3NVYeW21C60P2zyE150hPZlgkb1,lu43qo8B3z9 AHZdmjrAzdqrIx0wPnglLQc1o2RjynfTsDN8zpuwV3uNhG7Tv3G0 0ymNqA,98.0555
6fSEd8W094PtQaXOOI8R6dljF7Ie,kOT70oE89b TFWoLhaXPav4yqs2,98.1835
nE6IJc6COuUmFGPpkCPsZw55feqlTEPlx8Zkf9jD4LB0PeAv9XJJSB1dLYPAUgT9YVBkQhHBnV8Gyji90Qc 1GEtCv7q VZkiqieXdMpKVZviDmxh32vZxPJQAI GxbPosOxNCQaMkt1M9zKOnK93WP3DQ6UhSjAL9trDXPp 9kzjt,c9 NP7Bd QN2xUKEQH8LV4X90IXnEoWsHaIy1RjkYNRZSRwlXdk4YNwAVheaYiP1T6PYuX83cj8XqwLmZ0KRGwK2j 8iLQL0vB9IK30,97.786
3Jqi4xc9o3zXQ8wdzzfMgDIQP1FltaXeRM9W8JrG1ghw17TxsjOQuT9X yuja3dS66ed80sJtt0kWsQEVvG9e,X737WoNJLUzHd7h26HJLB1d1EJ6feO2CwnV8sAv6ECH2D4ZdmzEwRK,98.8278
93vMbYgLTEan9RoyUkRi3mK58 8wN4arKhDgc8adHqt68Fx29qaX2hQCLwttZSBPCfJXn0Zu6uWAj4JmWSk vtXXf7PPiPwmmvGSBxhInVDMC99OCLsDCox4GZSoRY0c2mC0LZyqj b71tpgdBltU76RidCfyL1ICd2Xq sLBFhp76,7i  pJNZdi90ZWeGMqI2QuQJCmFsQ5b,97.8786
D7w4jai aaYP3V0PsFcqxx0yGOUFga4bzw6ZtfEQxSuvGSWKlDP5pxc2IMNnHzjS0GCm9al g1JJ0c8xi0aO2cIPxTgW6sadilOq7hYdKiT3aV77vNy2omue2qVXbmmRR4v,IL4OMJKFAgTKuiE7hg922PVNLkmyar yFWe,98.7135
97ElWiAB3,yx6xqICF,97.6548
am8kGKXaKKHjBR6vHxzHMCqkeSIEq7Vb0FfcLsbO5M06CrofpHzv8AQbK5uALbeZzwP1GrsOk8AssJvHLpOuC27K7DSPF0RIU3kOpuqHYlZo5A1UzPKLqoxuDxj,WMyIsBPP4u9pjYA96sDF J6CoH OPv3D8WGptb348hwqaelUFQhFx5uL6ogdPg5CfPnCTBYs73T8Y VqJKZzOr5px1MXDat1tDwNg0rXW IZ 2ZBoB8GUQA8PJ3,98.8261
rNVXmnLiMIvURbK3BhmS7pMRDBWcRy6ypflYy2M9VgvJ6tKHKV WLKpH0NlKUQGm5fA57wa3537Oi L gBSzo7bcGnglSxmgRelRwAZeGrWzBedYrdcBrXJuQreViFq16BCARKnu3iEUBp6cNSa2,xFqZT aRMhCJEnFzJOM,97.9296
iyqPOhRP SOgevdWP33rL0tjcUGt4i36jAKf4g YihO vWn2pmZaNunvZdn7XMSDYCRY2s2qx413Qw,kldFFTRZ8bHqO9YerNBP vJg0odWn1Oui 2e5GJQHk7leZW4MHq po,99.6836
xqlxILjoQ7V8zH9dFAHj0kWT2TYeSPWAuCOCYAL70CeAfUBagoyHUpOOHUnwRhZWFb1nvuBZ8VwB5PlmS0dHXQFDlxItVLbh5mwnFoFhaSOKF2idcjau 1BYyseHHu9DbPYXTwYDDSE,ttmOeLBocuFbWdqzZSpgdwfGl4z7N9hqcZGlJOCq3EYLUCjnMvUvR7XIhPK2b68rnH84KTUwN7AXq3K5PL,98.5367
aYZb2oEbcCRLpB2aFzrtwpOb8k6UjfTgoghtCJDDrGeolIQT5tWucWKoJdkOUCA6bixgaI7tnydD5Dnz0ZEsmVOpBKjv2gudbbxaL0kMjwJ4AWwnALGNfOGs9lhdSuTUAoafBapuvjzCDzFhW7K1W,r5sTlqnxF2StfBgTwZDAka1erca5N,99.2359
Fh fJiPk7mJMkEpHKVUSOurA033ZmSmJLVSjadxQiIEAXm6Q5I IAcw3Ix2bRURmF1OfZu1U5IZN8XLWy3I6o0ME2sMExBM46nKGcqKTixxr9Av6yc3ZA7NhtBpzB0wltUgfwtaHzq6gDhyyPnL2A5hk1wnPjMeMuxHT,uWrd9e76Yv0l3wPwMDXqdXOUMpXrlQmUCHK,99.1886
bJ3aALni2FbJTn6R5EdSOuz3g8IKSIBMsBwBw lA8RHW9P mwkZFXy 5IXf87b9Jb62mVHXyzdAYID 9Ayc1IZyCynYRcEf46ARD9s,Z0lY9Wj,97.7575
KaDm098OkHesAqGl,PsXsgHGT,98.015
P053zhV4LVvoGb8HijlyFom93aaRjeQ0pXhwIrvnldQtl7jZBrrtrrAvkVnCovtNM96o2R5 x4mU3qcNTeB06YiP7XTYvIfgGFFEGK0INzBJE60nFbZAe8UWOJPNUYme ocjqyVaWnXAeAGms2 sdYvghgDBeqCVxTBb4C1kfjzM,EyLCROq2xcLs3bFhZKJx3JmCnJh0v2Q s16beIbYfJ6qyeYilOEbP7Kmn5iTyMhLU5nqHFiwj3EzWmd8 nbBEa2YqdjrYdzZuldxoGJiUsraULZAiDim,97.9721
eL7Ui7AO2rZ3TVJ8pJ a3zEFTFb,OoKSWNPY,99.6817
uuU9gkGz8VTpjznPUvSJcjARysIr5eW33MmyvlztMxj0juiiYMmcYYW7QCnWQMxwCyzAfClaF6 OImBpyXwv2YSOufHHUo dH20ncaye52KBfOciQK5XqYbYGJvTFGoaLsFDu4dH8fpcLp5ja,aqA4CQC3n7MdtKPfXyupoAIfC ZXdiTxCC2t8nTT7pdUre1 4zKhLUQXd roTtyRNN oL8Sv7ALaXjre9HW2SUPivrk7vQ4TaNIzb741Gla48AMXnpQyB4qa6q0bKxsTW,98.832
wFmfCQHxJrhGv8b7uNOppRVz2gP9j3mQdiGZqMwDFh1QebnWBvz6nX1tB5yU1vkcLQvrkbppbDC10Ki,Wc5b2x5kLuMdakiFvH8 tSuNYDjUJgk6oood xCZOH3XykA D2,97.5334
kQ o3XMCpRhxHprXxOrEedlzNYqfQYHIyweqNiPJgFDiraCWumcF3GaI3kPeaxZwBMp lVW XBR7ROSYgheJCNspow6Ewoawd6BjCXbpYjybexIb0qIVrxaJLPG9Mb2IQ 5Q72MU 1abUWdS5h63xxQvEVYO8qYzw0kr7SxFJslf y8PKWrs,DGZLdyk7ZwzmvMy57zsMv9IoG1OA1NOmMGGemMAWFJynm5j8q bxV60FImgCoDLnRM46zY2aoP1EBobbJ1Cpt5F91rj2fmoArx1PX4ofy25g3w2XEjqzTnwSFMh,98.9291
DgKnWcPVOur96vqLV2 u,EBq9dT3W,98.2868
fxqAGGm8zwNv1,F CrtoLP,98.8946
Ri1nsaEXKws8Tzwd9DDlKAlgVil8qsk0U QgAFE,D19acIRMEP8fZhNjBPiK3 5Knm6rmDE96U,98.3289
zztbUEwMxxJt4DXOFXmelJxsYBiMMJ,4zJmah9qp1mmY9DneiCpR3P8tUd2xM,98.8114
m01rjYaQ4j0xr6xl3pC3RzhTi2pcbSKni6WLdoVmKaNLL4xkJIo1l2p1w7bEleOLDxERMTOO7ufpvWWtj,d1wtkVNq,99.7441
vwDZ 54sLMgZoO9PhywQkcngyV9I8DMBr WJntBSClnkyU4Cd0iGTg14KGrGUBDTPLJoeQiy,jwvXkJcYW7DJwff HXeQlpnT8zSo0iFgzZPySupkYDj,99.8309
9UOzYN2seqlbMIdWG7XHJjMg mSFtLTtkXwyloEOIFYiSRitPeYGykXtnrgBLN2dV fIS4L5v0uiwm8,7cS9Fk0CDq344wPO2CDqFfyX4X5uWtfY4zsGNqS5mybq7PEKxeLdNjcX15cNZCyMQ6J4fx7pszXXweP,97.5847
dlUBlVKt2hfMGGTSMJ94NmGsRRPYBLKUFyWlHq aeWqHEHr4e2ndgtlEfL9FfVZrWp9j1Lm3BtvYgwSNecANZOEHIdzj4wdyZrPTbUQzVi 0IG6MPaX782wwr6N2oez6GfPpT9aBhFBxaUrv4BL8re8bV8m,jQXKWoX7ekoI75tpYHJjpwHpDfgOkAmF4fMvtZ6zzxxIKeXB116htlVNldJAIQkItMqopCsE9ZInHX4iWxPmt7MXpxyJHMkCKGa5k6U7tBBeDJkzaBRpqoyFhK,99.1404
ngjtndDSfZXwjXlevdtfTmLyD4NXVsF9vHFxh1vMgHxA Hfx9E2P3eGFA9YqxeoJR2 UtwzWH4ZQV3PqNDm602mlrXDOxknvhO4jvU6qF69o4LzyUylggJCp8nSKmApVxk2tUf,OPv5ajSZq70I6qtvtTEk3vNay0SJMMxFQwU5rWfEbwDlBH6uRUcJNNyyLLnswMaf905oV4Wp0K6WD4xA3ta55yBKhtWZNWQ4EAF6XFf8uNDWt7vshLn7474TzIiRlVk0ZI5z,98.3978
MlZeMyHsA7ailU9LYcmnNiiCxMr8rtIkFti59vIfME3IFGOpITI1WSrPRT7BXGB64ntOg5 iP8Hy34PTBbGHzK7P0cWdPWpjraBlYoYMeM3cDH7O5tCb0unBinLIaYVKjRhrPhk6Ut CJ6gLNS0ZUd1dKpF6MtBW5a6reNLnbR n8,TxogWecOXPNb5RfYlDlpZ8ItkSdgQPlzekBCzCQ6aCiE7WXVzV8Im7IlJVsWNoJ0vdiPWWK7k1Y610ohn3nftONqnApsWGI eVgLH1eR5VDCq3jufjtybMH0LZVFR9f6C03tVXWItRCr5hnCYxA5jHqSN2K,98.5717
1sYoXU3ZsmGYyOM7fsAkxmIwjDqrdCKb0UHcwLbQfFfwZR0zP ZX7SLdHoOl9d6F3a2T5Lr1jAiqg2B5iKnb9XA9iVwnfqJ9TCD3ywE,7jeClmEnujZdWE6MaZvD0E7VWwGaRphPrcyIsRhHviLADU 65gtRtR26TTp7ZDBj1jiukqGs,98.2622
4iUD 0bCZT YySeaXchiUZ0PD1FVPs0I9vTgNTwUpZ7pHh1MrssobymP55wYrO8B1MdavHshMAtJhoWURASAxK4zY8CPFcaHj27rpGlIusPznsdktUnn3maDWUDKY,VgUWxSzCwAxf0nLA6veGPfv7jJl4AKgxXUg8GAyIhQnlj1OkF3IwuWyV5J82q93ngSNEL2wfUs88sZBI5nwbXKh,98.0074
lvD3DrnQy58O7ugMUESJqET9A5hPChKWOh1dQn8qSkdgGpnv,hNqNLWjux2gTYtX71sjRxp8VCYwJb,98.6601
Z45D7lcan8rw5TzDvnOxX06g9nWN0HzKC0Gp8ALnzg8pBV3RSzPsLPW5SWFoSsNQS96eoNEwn6yJ3SM8D1EM3my 6ye0ZABrwVbCH8GJnT3WHkrRfvbC,erDSSbRNEGjfhle2Ofw9Cvid0ro0pM kWT9MOHp ,97.8604
uTL3uRDMyF1Do9bBbJJ3xOSIaXkTtpqGlQPNqwa8VBFH0tIoQNkOR33WCoJi DHG ,z7GcAMFYIQXES12ihDZ80Fy8LQyZU3f8,97.9547
8 QCNnWwbVlRpZJTU8t,nDlBefHbWDQTBCrN,99.3593
Q5nSaH rh,gEhTuFxU5,98.3595
SEr8NfT6sOgfXuxUYCykk0wc9YtfoQi67sGf0Ub0BKFo8NQ3VxrrxaPufCcPfic4XxkJKnDPleMc1c50T5YA9jQgZhGQOUsego3HDrL8HBiwgGzw8A6f9CiIWMSIrN851M5MmriFi4ssVqbQ3Cc2zbtMQ18psEU  iOiiTk,Wgn0H8yWbO8S0sY7sUEDtHSbL40aG5jvDgLRyqAIXpVhjEzID3LpNwYtpGonBXFIPFrbC3O8UMY5a7,99.673
GSX4RIr8ifyBd3NUJvhDfr8xuRO0opNQv3jlIQCcshnDQ5FPmBGaDUljptc5KnuOzfYD7C5pR2UzfTpRaay4eKva1L5vBEAthf4JmlN GBKEUE kxhczTLap6RXqPCWFqZ4yopE40nv,Ceh4YjR4I7yVyBrZvOIuT87mevdF,97.9699
WfLabTZAXKKIgmW9Xzq4 fXW8EdSwU32lOxyYDGcw LY5Hm91Jg7yJ1xGNfKvJoO,ixBYa8 NKYTLr8D39Z3QyFAHOqWDZRzNnlulJToq0ufqzgPS,98.1037
wk7wVA3IR6hps4FBD3hmWiznWxvWY1gRtTdP,UJ if12FumP,98.4642
D8NfuUlwoodbCs8Yua8W6Ts6pNJaxGQ9XI9BAUxSlReidqMKyanib6c8l6wQwSe7VBu3DU0MEYghTZuKnNMoXJvotdgcYyNSmgwwv2RuC18f5cPPH80,1kZT8q82WECoJm RaKkoqMGgeD7cZPZ4v2TqG8qd W2TRtlk8IJ3,98.6772
LLlgOOvnua4XAr g2GfoEnCy8421VDCoDmc1SkM91AJDjvogVU7v FLZC llX4edLSdf4PPtak55fs,SE8vGznLakZRqGf24A6cmtRKgRKtvQ3uL9cyvfDmnZdYxuxo0jKzcNzMo2,98.2282
oa110gOSoJy92mUx9iKo HZhldSdRqj3 PzK0VOzpwgVkKYRvjtMxRpQsPGis6Z2vftugp,WiFVUTVy3ygSMSSHlsgCQv3NeRiVw6479iD869q o7wt9vyF X5Jv3RXWQlHTrO6tAJgj,98.9351
b3B5nIo01GmTbg0 pu1QZlcLgqn2Wrts6ElU9SpvTH2ta9cDl0yUcMtfPe9JKOLlzuP Ynkkn8oN pYm J2 JfN4ejT2bkEtEU0wpncKpL3JW91r ,LxGC7Opn82pjXDMgwgobcDl6iLN4uMpQLIu2miaMHvztd3jKl7,99.6218
q9AAYnvbkDWu9HK7QroY,VoWFNzc1Ol6BF1Y7Al,98.2294
SBPoAVM5u0JNHSqDB2pWJOiDcYbJhaM2jOqR8qCK58PFBpLq9GR5eZzcfdbBGMUWBUp3db8Co6KrT9f1OnI2uhMwmKA41BrelX7xqF6wDUb9TV8mr1tdgt7bxYbKFGpdRFYQSBAsBs62XAjFCf7IXgFG4nslOPE FC,UE7Ro31WxOz6Y2UtJv5hoCaLqWED R01fkK3NR19j0zIG4TwM0,98.1235
B4cpdcAO9mLPRlU5nglINXbK67KcGUsFzFZsU80cZG4rafKLjUq3SfzegfO3OlXaLU4Fc0x3ch4JhBdObMzBfJ5rDw9nnldMG6qjN6gWXb9,Ro2yjvSohR142jWIZYKzSJ8VMu4RuCjRsTyMoJTYyhXihkBwgZDIaw9LcgJyusakqc9GkHGJ2,99.664
ZDeFsDzGyekzJHolsa65ER9V W24s0Es  UfwdX9RA1z4OG4J6JiCcV7 lGf fTQXrDNA4grvtNBd8cHiPkPsnu88IWpTk8lSyy6TJBltj8gLtQ3YqFF7WtgPkvDXZISIj9U7RJT4SDTXglKsFXelY1KYvuMouRNkXQ5uj2PRmMcV,fTlyPvDaSNtsmcjzwKbsKzZt lSbRUHKOZ8jqn5p0CWeqKzVTGhHbowVaWzwJaPwVa aLyFUw5n1M8OdE7pTy4bEUNMfT9pFwPgaPY5Z9c9uIlgpyBGnfrZoK109uOG,99.3564
ppdww0st6eZOc8RtQtetpDWzS4Nq,SLa0 0pxxVupK8ryr1ydRLnzvwO ,97.6215
uwmamAPgdjqFuuF64EtAY9sZy5wzX iLtSohrC2eHECA6ScVPKCODllosUSbIYUIkXxJbSyT0Dwxm2HbcgROjGdZsa0x1w7br, n3zn3gBD nJLTqPsg,99.2184
kxUxSoGormBoYmAR cro,ZYuWEpESXFA,99.0212
VzCKl8MDAbtKWsfzEouWIJmHYfZuHP1D9ta639TsMJs1QUKUdbC73KE0qhoY7vNxhDlI7BsOkT0KI0abkIIxxd73x0r1881RNsLJV JvwmugPVIFb,S59MkcGiMVvb56e9V wKTGzo9LnWh50tZPpJtADIYPvk898IaYDBBiRpjL56hWOi,99.8466
Cm2CbIdvxKAF7wvRdCGpYNvnm0mWiJsLBlRHkTP4KMrgWSxBlbCycpDBJGjU3mMjNJY1PCIFyKiBhNchJu ujuR4Mm9GAd10a4pW,4QvQcj,98.2751
wmYQWrZC E JZdkyrSaPk LY86aIRyQ8UM ERNJAGzjRQdHTzdotuW9mns38K byCJBK31LRk6F7awWvfApAxOIiNE6Sgofr2nm691f4Epc3,4jCdDZxTvxlxcEYjItAJJx7u3QI2a4rTjhiryK91uDLZJd,97.622
0ntnKvMJ 8HxJse3KDeF0ikQXqJheM59qXVnJP5UK3KbRihAQRO1KF7Mk7yMvGxsnymDIuhN6JdTX1,d6ROPFXmikJp nZx1KGzOL04g0Y8Ae2Gvq5TG3 Lt9x7VzI4b,97.5567
Zr4YNe1WQ3xRdCR7gDN846RbyGORfTXdz3zVGxyBhw3Hh7IsXLWL2fD9C,YvJisjq5d6yPBlHIA,99.167
O9dO2PDeZIHz7Nk6LG1LFnoywDjY89ArB7cgc7T778kw2Bx5r4SK6PGddSFxniwopF1BWCRekr1MD6F33 JAWIR6eUjeYBgK9E3XIkiCtJ IjAzXAVwJ3GoSAeKPje8r7AyKb No8cD1fMw3S1VzkmViEZVE6,5YAi 9VzefTmNNyX5tI9PchcjBw4gTqVmsO6kmoKKXQQa6u4Lr2ucKzkPq5q 62dt67wJDj6NgEnZZz7G9iHoQX4RjOefr7V80epxguUfCv1ysvS,99.8535
fZh3XGLREXUpUREG y8zUINbglruul2KqwQWgj5TnIJBwqEnfrYAcZN7x,JtdmSnpCPDe36QC4cUbIO1c8YcRh WzfhB,98.4621
7jXzJ mc7Gznbqr2R6LFxfcfku7FoEG8W75PkpB9flHmw2TXwOMXpSP90FmgsEo7Hby91gT0kgt LmhSUF0YAYVdFb83GzosRPyIvNeLhKcfclSJownEx0JBoam48Qj3EDuefuKV,QQ6xndgK1NWsNWS8s9 OFfL1iFZrWl6 arzaJ4fsVHtKG33VmKXrKH5TAeNYk8yw57kTg iNf2prt9Zs00ugmKiF4j71Vd5ukZrTYjMWVHsMfckzGZdXGpPh,98.2791
V6jhQhmcrL7nOIxCdT0rIjiWWd1XiWKMDoy44jRE0AySJN8n1bETaAM4U Y9WGGlEqdrxsP7mAWBbSYKndMt,loXZP4 uWqhSgUB5hW ka0KCj7RjLgnJ672vSa5aMe,99.044
nwsDx43H5uFLES0TVWLjZAzohLdUXic IRd7h 08Dw53oZstcssEltpdLQKhbaf7nv84L16vYTTD1yfuXrKAoPHOZvBbYSabU0iR2MQ1z3JRH4bdVhcoecJKXONtcQwLwGELKFJaNOJN4fVQv5qW7M4d,ttc5HxjlNCls59sn28i9XaysY7jyqdkBQxW R0VNDVWtex vzsyHRuyJUrNUQJ,98.6044
aIaCiLCw5qpkMAUx6Ht0kMnsvYjTt 0dVru1UUcAsLxHh7w4Y,L02OQaWLxHfu9JwRq6zStc4tVfEG6SaZWKQEVCT,99.4666
B7TDdFAbllTuMb0g1CsBMUh5h8rCdoIuP0UhYNIOu8ySqL87Mrx61TFNa4iOSqLAg3WSCl9FMdGvcj7NP4sW32M8HIMpFTRRnEJG 8i57YXZL47w5L7JMXYB4ruy0Yoio8Vvu5pmxl jjrbU9X7nXqtWddy171Vo804JkERwDobG X1,GDAp953NViB7dZSzJ33pYulmi SUfM42yLK8X889gWp,99.0458
l BsNTACOwcpVaII8DbnPLFq6UYWDkrVxdd1GwTPGirPKXMEO0WOftumvmNb3y9rLbQEUVsQZwdEEocERWDzQ2gYR b3VMI5YJyU3nxFFVK5tC8ST05BEUyADgHIS9j 2 fgfUakx61yHxJOSww,GBQE5qpOCkBADtkmTnv4LpRTI6PU BBmP0QEErF8cdlpJVzEgGDntSlnMYFL,98.1241
Il968X386Umjj5lEHnnoBmvJWEuK Ww232rul PYx5OUyEnHFCpNoh9RSyfInVryzcR4976NNoWDWDF47SY4umxFSPm2bih505gyCPVGu8KEOck,4pDtioL,99.6893
l6C9CEhpYEoT5QnW6Ibu2QNwRSXTmFhj u9V3dBqXPhvR0FFi dc8sSRmFN94f68cv7hU5H275TjjPrM9z0IC,g3Bx4vleH8gELtLjUJCBuBgtiBrmS hg7bsK,99.2072
 IDqO8MZ E8YSYoKehyPwhrKYqpplSAj6r4vpUHOXRDG1OxMHxpCcqfTg6g12e3oWjgqSpSZipiJLE7I6mfWh8q28QQZFW1 rgh3lj2BJR6zFk DkjrtIgdFSCs20VCQL5dzaFdt vIjV18dN2O5pLhiJwybIMFqtlkKs,3D2wRftYIEFboCMJBbB,97.555
BEPI7nwIBG,XRswU7p3K,99.5682
KB0sb8Xn7fc58FkSo5OYwWe3ZKm566BT4E25IsHvCR43a4tGOE,SV0Qv5DE39FetLoyBwia,98.0566
nMNKwcZvCvPdkmPcMz2sVDnNan9QRfnNIHTKN5fLHuFVgLTlR92elKFhxcjv2ZSEgA5Kr6nUgV3SydPLhv7qAeHCKWg 3HYvANxdcav50N1lYc,JZZfdFje7zoDaWCWhGy7twZdX5RqODqpEFImvM02zjc4iR9r1RRV46IqMudV3QqyWKdon68Pg1mO0oD8asm5yd0txiLDEelZgwzIh7DYdD,97.5799
A0ThHwdWKaMuQJuF4w PbBePujeQRZZvkK7YPNXuHyZ6KrA o0QEMLvUCZAje6jtv9cF5KkHOYCcEQYuY,80P5JMh7MdV1ZhmMliSQYMEE At ezcTeOcWEKF4NLMyHM6WtbGO2JafPQIjAxGQcio2rXtf yJ,99.2955
fWhfC8MmJApj4sdEys8AcDHaesrohjtLJM1idZ6WKo9VMsRWZRbRdZcEfISLBl bmM ONOd6SSUAIdP7vc8oMJtnSQTmlUvG7Xmed0mDauaWFaNNewYPcQ5QXRHPd7UIdqmQgXYWTNBkJTItkBCohmuec7YtI,DwAxUqmucl5GAhWg6rWFGCe26kGlaBNoSIimsXE1 iNj86aaYG1LCyW7WwTE9e6pPCsi5VDGLviGmkb91LNpNUObxBXNWaiBasaN5ZtZv3xX9OgPG4vYZWeT7e2l rCkXU9p,98.8053
VaCvqOsS93qxAuY7ggU1edAvqEYnETFXc4NXG2JxoQETPQsLDBKmI6VETEizrEysm5BIba,Y5gGxwiQnCfqocpBSZOPGLQiw918gvEGsx,99.4693
sRhQzfQSgcwIx2LcxGTcvDgyKrraTMcXLUwjpHTgofrMTZwBxqe8Ffoiqw2pQ9OSMp8vdtDlDCAJgstqME3IGOSdu6c1qm7p1jGxFqCfFlO6sYaLXb 8aoMCPPNY18SLfXJVRde,R23T7TyrQsa2FfnnqLu9 D4zq03NkA9viTg4ZNuiGTVMNSvxVqwzzWMjXfe7HAkDeLEZVRjwtpzzp9D5aIQ07BER,98.8718
0GDlE78TAH4wxr9iGJbvfvuNwUCvx4S6Pe1NVy2nhgtahr8GT6VE9yn77H7C46r2kGIV9YTMRX4hRZSYWntUBTNL9NpXxVdD8QwQOtGhaO a9INkheq,Egwfnq1x2yUnzWwMxi9iEvALiOzrLTbwQQG6MsUBYsZd0H6E5ZjAPIJtVtjnw9ULbBPySvXY7m7vJKJFxROLUgtp4EPJPkCk8GWr4,97.6231
afEEew6TyoJ7kPRx25nEcMDHVY2QvnrgQ7qx2LSHmHEvcDd1Sh4JuqlP44RomfqzEbXgrVknBhpUVPwB7ST53lRK515VoTAujPEw657 caNEIjsWasxLgjtS8Fx4MN,o5lxkgSp7K5YoHnJqDlszbqQtn4SQ5e9zq1U3nja399iFTbnQSoZCexxrPhhVSN8xIXYgD uVMw5Cluab5DpqyhUlZ2FT314vTVJvZFML784J5mVQ,98.2336
JsfdkbCXN37Ip,ZieM v8Pw6H D,99.2286
LBC909AvYncyAOl9XtckMsVytrCksTXFLaFurHufdSsuD0CwjH TIszA8KP5SwoIFxgHW5RbUJFr37Nq0dT ggIE  hvxWI4FdZ5Ux3,zyNaKg9AZ4SFsu0DwIsRElnw5jWceU8CDwIYzHmGRX48kkF1VRHWi1JDFIblRpaPhWlzBBg0Ap5zsmkUTyy4g4fKL3T2ro,98.2737
8YuYEXG3Gw8RZf7IZP1ualftp9QcSqfTWbnjfmz0TrD0DlzfyQebmSbuTPP04QF2OdlT2bmhZ5Jh1KRkyF9za0SivfilJa,U6S9WRjj2yXj4HnWFu4rjQ6aeixIA7ampersfyo4WXIz1OhQslcYjO08n3gdhgVmu,98.0387
xaqw6sIiSOpq91HkNYKSDhhIXPvoqgTRTA3N4fm3RneAP,d2sb6 oAgUI0ZtSB8d39AV,99.7327
5wlyLxS2BL UotF9KMMkNK9W6Xudou0CoOxurl3cchrZGah4EtCeq7 PcIAfGRUjs3bnBFXKS2AkTDhHogWirAgbrr ldcrFqItsuPuO1FhI4U9KZssw0QXnOTOTIjuk2JdybFT3KXvm9uez8g,zKwdblGi4ZE83IYee1BA1FScb3YPHib75DmkJceLdY5vRKZZGsQSRyYYX vjIDSajiF8QveHqXmnU4x,99.6221
OjzeUyjyYd3fePBFpQgl,nQFKf7av3UjTrFSjSy,98.6292
MrXrnjlT62EkcrjnTqwEWIL os8PYT8DvC CMlXD9gyuANxyXTe0EbaX9NHDU3lxMcv5kLQtq8EXdf1DxU474b7H08LEYFRIVg D1UPl7887sIug4AHKnPfQEdsnyb7oRM3yLzckgeveDzQBpmeiLv 9nQ8WjCGB5rX45V2JQL4vCTNP,VVW9R8k4u4Mgmj9ZJwIdV9kGyRkuemnAD2E3qYLwJyYZGEeXTMncaAyDhIF6TPrglKv3cmmpGcjiwAj7LHSEglYml58FWOfxIZorIkU2p9Hp8r xcxCUzrEf8dq44OwARI Vf S23E7laRB9GVut7Qa8,99.1083
iJ4Do1hvmLCF2aTVMQfbBom0RM1fw7g5CtRnpWipgDjuT0WpJC3hYL4hfOJcmf4OVjLmtZLRiN6YeFaoLP2gqOq0F63VpGkNlEqLrsV6WtgpCPcd7MdXVVAUFvR0N5,stHJffnoM5vUcMjRgJ04dbusyIim58My  OGDsEnW5AjCghP4VAmEoLxxgoMIWFw3qvQ3oKBfcQYx16cyL6eTo,98.4101
j63OkoSjtgo29DM3GUnxsnptDtMNoNID7LRHdpImyQGWVpFJkyLdtzNWafLYMy2yy3DY y1VNoYkzJ9zbGek52k0c2JPQY6BAw2NFVci7fK3RCRDl9 l2Eh9RI3pz SYoF95np0xio90rD5mF0iUggFHjTYVGG3HP6vxAasW,vfpCpesy 1kFyLL0vM0bK8ruLzqlAIHwCt DztpZ45Ub8NAL00gnXGX3Sdy6PlhFRFfGRFRH9vl8D0Gpq1KlGHzxypBWaWW1E,99.7316
JqpzNXDjhhhQ2CKUPi3EuR7QFB4zm8l9HdfVDAgedJLBETD5Jq86gUU3Tm,9j0ierN0r5E3wbzxyBoAfA2adwURrMFVvaH,99.456
6rXS0n2d KE1LYKUOJ3mW3rQkFwUsx6IJfGA6tDbMW1YHBTJCcTiOWdQp 8mVAC0sBhsH7ic2txzTqwZfxIe1Lf4ncZQ6D65Op8X9PnN7GYlcN0Zdb3d,KhAzE8t35s2ULRxMmyq2IXjCjrnV5X0NMmjWawDlo7xkLWx5maybzEhWAiyqkfVFcNUk4t3OV1BTvGYnrmJk6qTdit9jtNpNcs,98.875
PJfqjbrdFhD6cs7vj93CbaU0RQsx kF1fIvvzQCIcG92VeGYum0PjZDFqkOpGCkGJe3rirII YOoJ3Je8MHO3xdYh5n5fBXEaRXYLu5h7PIugzvwuojbFfEbRasgp9HoHrDFTTmvxoPRrlG,fU7yn1ohzMCIL1K7S5z9uSKvhOEWISxcMR86XHvnoQLuSCBLBMWdndvu5heEi1A6BTw7QYDy O0fNFTrwh,99.0762
eJKi9i4SP98f94EaDOHEuXPbAtfcFbhtXPA56L0GDKSi0XcPxD1,ALN8NduYgBYEgCe4ok4dWZliQml,99.2264
oQDFa8N0slAl8kIYjGQyo5nKHSdtmrIoQiRe0YVrYFK24jSqRZdZt9zWlBb4v9FuRgOXVN9,DtcNH9NFwMM5YMHwqNybYbjPjyO0C0ROMcpN Rl9wCfzOr,98.7394
TziUFtPOSyN7lUSP2SdJ2s2R Cfm3vUnn2bzCXngFV2lo7HqV069RIjKeXbD0NmamZ9nbByv2ON3qJTSikMOszv7rXFMQpxDGoDRCRUjk9P8jTgQALSomnj,fjxxj1as3scI6nrrGpTg9971jDaCrHZq5wV0Y1p,99.1498
k2KXnAhnUcz YnACihKVosj96Fmi5ACY6h4ofiHQaZ2vLaLsHZJXfU9aQjrO7eiQjzVPz4cNzkWdHzIK84IJ8ZC4U5GyqjLMoqBXVyNVBiGjO5SpytInKKbUaK8TaQAGi,FHPOz8cFNRxb7kbzAkzV7GskCekTyL1vXSGrD5VdDxW8ZV20rw7LL Uqxz8f2kFnpeGFs2LHUtB1WTM00cJp2lu1R0n,99.8193
nY9bDNNCq,9BisKSSxj,97.7539
ckOBGcMhccLX3gvw8Be,7E74o0Xcrjxy,98.6885
CzbB6EnFGS3CHPtBxDYKVbNNHn8Ml6SWFfVPkIsF yF07Yg08G92f VhhmPENHkG04IihPDxLkDzXgFn4ceXg4FIeKXtbuWhnIvwquDSXW7J o6axyNchLM6rdhso8NVr0vD9URWZM73DaPXyyeXEkL54gf8wrkhrMkxS8eZzSxKb,J5L7ZjrljZrOtl7lqJjSInYF8DEzoAI4fPcKGl2rP88xQ1f7AP3ZPElbVtqVBOUsaXpxL09TfbwljvhRiaEWXKlKLOKZzHLXvL 35HKXBSX7ttqxNjgGgEl,99.0724
6CKSBXyQBdt1NxroCS v74Mez11WV0VnsxLekfPkhjtfaSKjXWIaifXUpfd taoFydj8vKAP69LIdQL1CSo5dKGLx,yspNKtNu3,97.9141
jy9iqk7Y56INLaqG5L9 amXBVOrMeMrvfTsFWc1mEpbjLcgUlRSgRgkUmy6UcwYAj0DgbKELorg4ww3XEOFtJlDxbvOjcGoK8WMV2r97ANdB1BlRvqOYT9VCDZok rlbpLLQW o 50sSRdB0Zrh0UCfa0cM,5sRIINOrA7iFBJssvR3 myY6EkW17t9s48rUtzKM0QZfkA4Monikkyajn3LcCz6lA1bL0FBTwOFN01raczFqrOM0vp4l6uuXBjxunvZo,99.291
a8YPjPkFpjUtesXL9D8sioHbBL0jEOSQnDBGZqInyGVBJm0RGz7K15r46VdN323qzVH6GGHp 8BD5Ghq4dgczDY2jLG4Ban0EZFPJU Ul1cY6fmNaZM,NSCscr6wL5KTS977DaGKSxuGmIi3TgRuX6TKUSCr8w44AWQEJSPYQvD0kXQMTDyZKgu6UCFr0JbmklanSr0aevCXZaymGncs0O4EBZC1Y8ngO,97.9931
DAXbxi8EeV0hrxt,dW5Zlk2Te,98.8628
HpOPZ1skisO6usDO3qQFmZM45H9HNF TN Bj w0nVGhMCm89DhTWAiiwOAHvO0lxJCFDhJ,D7tzMmPhbgNFaIeHOnPLm1ny6baVY5s9n07WYoBQzch25XKKf98SVjjMznrV FZMR,97.9992
mZIeQaFInyIFMdp6Qh3qlRiQzNIrj93e9GGcQze9Mqzdm dD31GvFMKGEuS78oJrEU1d,rH56Dn8uchSDB9IvwNy5khkSuGXrNBG62czWdSM0sdW2 tf3H5PAEiHCTnI77JqRXbj,97.8232
ybiPQ8MYiloGwH4JH4HOlo7dnA,CHnd3I7gR0,99.482
U W D66gxcovBjLjq16Le7ORrFQJTn7NBEtWgTD7o6uzX6hP8sPbH6q3NeKKsrWTY ,s9eh6TOkCuU35Hql1 WkSWi1QotYK4JtnX0G,99.7478
o9YvWlHyTMSGw1KMClwEHiTre4i ItT1fyEAqpLKmpnP2LZjxs8Ffy5Jwdam7Rgguwsx9xU5sZLOjRyd5uknEm303d3meREUDkd25YjO2ltuUV3n1oduibk0Zj09j1IhpvHr10bkj0nRvcTXYz,psJzaEdpu8jKbay1kdH5s23cFRGNbMnYvLvgzB,97.917
BY54Y0JvtJpdpxvZ87Ry6cxfHb27OtfDGh4sjvxWhsbZtYleOn9k0a0DJQ4ZakyH2efGD0pseZd8UHEJjolXaFgHbJ23gzPvmzDAffAmCPbw0KIadfMtZWdOL829iZ1v7Bv,o KS9nNIWswrGwIXVtSEwQiVS8T7ViHn5LhgIXFF241IPpvJ23CqCv2rUreS UN7RH7Zmmrt7XdJXjOVIF,98.428
eBxJM6EJUcZFKFkFLs75ObtrWAyOqhNLXBEG6ERzmK0w0SZd7EtnwCGpERaizN8QssMNyps35eBGhEhlO9nys6nQ4Oi4miWivEw2zQdNNNhiPicDfYetC2R4absmKPbT,vqRjDSGYzO1pSjDIw ,99.586
jFFKODA8XdsNXmUQBtWBSQ3Xn0tg9EiwsvP1ssU8igsqQCXiJIVDYH67o,CJeWTBfkhYDhdk53XhorZ1Fj2ZR0JwdWRg56WbJXJH,98.7149
4Z88Y6yG5vUeLgV9pG307qpVZl7N2u6tON0M,kSgxzGEwAd4 n37jxNKGE,97.6173
wEK dUN9Ej953midQ3Cl5ia76Lwg7FMvbcUbvv9ZttH3p3I1J5 0NmMamo7xr1KgoE2PoSAboRJMIwIUOK9EjoJ4QPwfESv2LOiV1faIXKLCH2XsTL 4e5Tno1h1AwZJqHgUVYCAA8Jt,fG7J5kK6CrNwGvY7FrQ9hAAXUF8vSCNbLI2fA7EnG5W F2xvoZCI jCbyZai8kwu8lhxIeZndc cgwn6T7h,99.8858
ilXLnQxEiQHbnXbvrBQZfLOhcaL8yHw0KPpswkJW3TdJ5GNUZCSsbA5zWJbm voFEbhKIdjUIkpVspAUOLu5t9iQqrKWMitahwIo73EKpzl9H2m0lyPFr9ypFQ4quGzGe1W U,RsHByBHmMObCe4Q9I4ycsJtDilW6QGBQbTkgt31vwA9Ney4YYlui1,98.7471
xLjCiLCMS15r0HFSI z4Cl7dR6 BSCMUmf3ZpukTlcw8SagbybboYmSR bLAkLTskFFAHsczEXWbHHR7h14uEzeZCx6Z93i6Jv3Lh0t1B3cCdAsQJm1rMGNtGxWn5c29 MjcDxIJs9Bx4nueIYTqDc3KuoX,TMwNcjnQIAazjlVORYooSfgAF07BPog,98.2192
zxNnJ0DGp7g,wPLIkU0t,99.5649
h llQkimBt8pmMOL6ltXl86gkn0SLZWTRC2kJIYrb,H7GXYUt Gs v6vEYO1at3PV01V3O77IFl,99.3205
KZ7RJX8hSglPPS NUyIsh7QZeZcWiCxIjx2dDyfT5L9EMoPeM3vloDZN2Cqakv36HacakF4HNT6J3OjLORvwEeQ79YPCBr5Rp46Tvo6EW4,Xc9NKthCQyJpYTXxwPbq23yoePZ16VG9e3vH71m,98.0162
E9pDB6ttkVphFcEXHW4EsHvGk79Mdtb06zTUNoykwRjbg8ut6BXjX5ZUBeMGPQb3ZKjl9kYP9,B7rJGMB6RmqubV63SvBMZnNlpj5ldiRGy,99.2366
RTZE2vrnqP1iLjbjaPMC2FBOWOMgzl8nhdiuysjfMBZluHyc0ydE1,mduoTO2avnHer uScX1dP KKl8JXNRKb0,98.5393
vxU5SE4hn0QcoOl8Kt2o42BYBq8l0SOS5GAimqnucCRoolmwujcLgcS55zOI1574dj5Pa0zTz8YDIK8del0pT cZ4Kg2Lerf7mwPLQUcyI7YvqoP mubwyYZNt67FQ4VLs1nqSE9iY,jQWHzCuZpC p0Wp5rPQLs3MNxCukKsxACj v2vX 0YFZw2uRpiklIeSYP3UnnA8ok6oCSEogjx2GhojW7S,98.7579
3I84IjAhSb5fykCA3C3mi2mlmDTKjcvqaplP8d,YSM72amqEfA,97.8467
GbbIG32i0z9bgXuy773opbpWJH7IqFvyNLUq867yQdDRjAgQ58IFFJvQgAmdUPK6OHCHQmeuYQ Akc5dj5cHLKynjBb8m2Rm3eNzoEC5OGNWJQ50cOhzY8AH4s2RPRuop0d46aYxubm5m0r9m7g,WD69HG7iZ dZ7bCJwNn,98.4648
hdc5NDIVGM S0GF7dvVbWM46dAFN2PubU1,1dAHHv5mY0ZZaoeziGO,97.96
BzNpBW6xVQCEmphFYzLkpSmWp320WASMrRQiEiaNIH80eaWnJRlpOC2eZt96ZzCHcJULF4ZIWCNM Fhejtc7SxM61sn8A24gxBk38z6DQCdS5r1X3CzzEjNFbtXh VdP68K0vaGIiAZE33nNbqQvvidNFjT61WBdlaIeFH1r g7N7,2vGmD22oEyCSzqlxKCO51xWfUQx3jX29aUND1vm3HxGyjScXkzePxportaj1PlwGEfU8 0J4A8kt3bWfoRMiOXlnMfn 1 phYSeDhlWsAtccVsZXpdD77kBme2ks3Pu,98.1228
S2p27RtGToKhov SPyFRp3o7DfqcwsReaeXilJ1CPf9bNCnzjPD4Cxv0IEgniURoxgNtckp 4 tX4YIVloN3qGu4KQ2LD6TM0vUs6vWUH d0Dghhs8r6 R,Dowop9SYYbwqYSKrJumM3kNOyPQOBzsvJQZuLGH9Cmc4Sm55DaJh4fQAX58IbEBdKnDqoc28NFEWKdTvwTmryu39zt36,99.2941
denJc Y3akOtfMorxChmzA7RgSaQzWTOufnrVzgbkGwCSPot0Hq81KH2ttZocSBLo9bgkYF2jkV0P3wNJ4q5JP8F4lH7GLqBIB9,vemtr8q721Z0sGZ2BJWjMtXYLInIQOZky4rNWS3,97.5851
 thMAhG2lw3gwzh1CONYKKg7NGXZ7 ehLkJoIVkSjwjmyKFxI XrA4t7bdmzKRPhG6LXcfvSKoLLNjKCcdnzk v1cCLeDsiiLpXZrOshTFOYDrfH6LLnF,jDGlDnrvMmrJBWMdysyGIV43s7xyynubTe8cdJduagQ,99.62
387u2Zam3GS9xOUTGcd4cWXReVQh7fq0mvUe7dviarmfyUiGf7CMC1,BZYtaA0LKuHuY4ehIMknCwp23hUc,99.6495
msGsZbsOOEfxVfM8M1rCWv5Vishdjy0z4F5BTAc8658bBDhgfYpNxTslN0tgOQm5J7KNRYSPSz0POECUbBMiGeFIDk6,9D4F gYEemnS yBlej1Qo5gLER628GiJvgeFfmUCTQdH3ZvwMecgHoueQKf4zlmD6bAg636NI1hdI1g6ifM,97.6754
wDJ4bNFSKMRMefqEx66NCFUdfmGQMmK8u69uYcSk1lAMNHJqko5mw7fO8wOul2JGHUU6ejF8NAVhKkmeKgoKipupvbycQebcnmRQQU0eGh2fTSND,yHgchr2a723YV0ZS3tg3XmsE5W1qqf9jhvZ,99.5127
zIr7BHCzFhVHQ1NIeDE4M176bIqjpjztS8RBAh7bALoBtqpkKrkBGDD93Xb qIuGu2Xhxd6DKwuIpT816aJvEPsVvDdsyVifISP8Ktt3F2Bz,xZHsmcCtzRjcMnTvGw1cDD7DX86oT6bjgryU9MKYrRQU7sGgLqYC3M42BAr3Df Sr7O,99.3354
c1u2oa7Jkbwy6weltkc4N2hGXYBVwXjMlxa9LoTuR8BIpY7bs7xN6kaxtn1Z8Tl76x0IChTHvLYlQqKZuYT5apFcfRY2A0SPeX022W2QSurMFL,vWrjU35n 4vqq7ZnJm91V62oHbJrIaAK8XXJqLDDms4,99.1763
qDemhLc7JziFp400a4Hk1lvQaMDIpZGVlUK1DIjMmFw0C3TXSNpEhrr B1XOVzE22WvSyOV 7aW4JP0Vk,KoRFDRjnzWHHYNKkmpeSLDIo1nKWIelMJn6avtwkK4,98.593
bb3wqsNLUsV9t0 Mpr5d6JlFZRDp8GMTTgIeqqYauMmI0vvekZ08CFmRH4Z7JjtWvpPHfNTP, gpI4AduAkknvf bH6hp3v7wiYKGwu6u67NN8tZEJ15HcA7OyRWk2uDFuwqF1bqmPQBzi,99.6744
yB bdsBeepjl32NpLBGElUkR4oA3KVPCYymqKRmMlRv2cCeNNM2FhMQkZhUtvOX,x5I4QEKGqzzVunfq3xlNdnrGotqGno3OizLeTNcwWc1eK gSEwM10,97.7133
FAQtwL85RyXPNHF0yLUx1521vIDtDr2hsTG5g75mDIK92Yr77UObzu6u9hBrB0 XgBaIOQ2Q cw4Fb JeFV3nqlqy4pN9oTfGixUYCl4dVevSR8e3bYVirwYZhhLly 0c9fGYnQrN6SRYN3RHXCEJrQUngaBe Zv2AJyA,Rt2TPDpQBBJ Pp86xV,97.6624
dwxCKb7DUyltg q7KQZh73dY14dtZG7kv IExxuvFQZ7KkaV3JTRWlFH99tkMeUAigTMCyBHOSZmKnegmyLZM7DnRmGantgwGW2koSdJOQttRFzekWd8UW8AuDWrFDd8vnO zwCNLriNj4OGWML1SmJqxzLjOCcpXsgz,Dt5nf8DkD9l4rW55033Sy5uaTuYbMEjLT49aGM6blfqAAOByD8zKAOdvc7BdRJxyEgDw mKxvu5OdX ZvVUJHUdnHJGUf8Te1JUTvOn6aHxL9NxzE7pAHv I 5k1  M1X0MWYjIIfP21eyx,98.2883
OPbkkpvxMbw3y0G03ILJbC jXD 2XdUV5ixifDFzo3zqcYm7hSd29glXMzwsmuSiNDDH2zJxLqdm M6L0nG9KT 4eoPLdoaqVPBni7YVNnYgBzmD41hl3ISl2eKQ1XiNrvhdDR7EsRQfHuLdVKyrh1H,etjaYFBTfZeCJYQaBysRFnG An2KrevK2VuJhLRk YuM5rCJgTk2kXAN9,98.5892
QqDoMu1t0p,f7WoxT,99.8801
7MtyL4zyPJ5qhoYzTrtsgmiOqHGJfxwrwVU4hvTGUbCYwwIQr8i6DXPgOdp7leHpgIyifXhz19pyAzJ55JvWlhIfNxWfHoRG5Zg6iOfUZmlAEjqRCs5ROME0vFAkWUtFXZAghasIsqiiJuXrC8sVZPLfdWTY,6BOkI5I9poIJ6ucrtViSTtDsM7DkotMxhHXskFSAJJFDjeupaBufaBUDAAA7k5ox1kweMTDm32V6w5G9gP6uFYS bpwbw0LW ,99.669
q2m8GmKLrIFXQgzfPzci9Lykb0VIsqyJijYbjePeWyvA8p3fh Ir 8cetrH2dBTqBG7p9omU50bhD470j4ji3LBBPDBKnnLr luCsxovWw5ZV4OrZgPbp5kBA8 GKx2LdxoHSQ0xpnix8Gx HqR,qgqIGIstjPwloeuCZ8fpIi5FA46rd6rs0Ere,99.5051
AIw5BzySmXkaLBowpL2It75s26sMSBf63Lddr jpB0v7fb44GlnriakhOaWHtJMM98emonoSHp5 QK,EdTdsFX2DuPSNZeJ,97.543
3lxdmQI9QqIIgLaF1VMbZX SUITLcVUhDv2tzWbK1yuko00ZN6iJ2XUPRqm40hGfSKCR3G1BP84eup1AgSv3kV9b13VRl5DkdNPTyq3CKd2FU5TrBXtSR7zwZHfmnBukApf0gwWmfBB0uhBMPd,6N7O5slc z8dVBxZAAeKpSmk32rDMGr1Cc6u83kw,97.6301
4Kbin0zNZqX8LuF0XsaK 73DUXqSiOfzAIjRDb8eSUtj6hlGMwajjJLKBxScGCdz2NtDTxl0UNt dJ2tJYUZbWuWZfG5kZTMl7pmExkfA4lSlZuy2lhGgPMlcjqgWD1JSnr hhEnfEcbg,5U6GxnqRN6i02tIWuxyTXm3MDGAEoCGO1jnGwq6YueWN787nwhGvMeZmkRZkK4obTR50YP6K9kEQgLu0DEQfxvFAw3qGqTERAGTgzqzjwWFFsFqyMvY mh4oDs,99.5093
DnmGRWFCWqooxEAYfjnKfa1G,q eBv1iM340Fl,99.7724
VJ BWK3Dmj8 bccvpIMo6jf8 cseu0m2P2epV1RjEsTVhRbTrXBdOy5cweK 7fw5ELz7HTgdRgZbL8t6bMfqX4CRIBLg1igBciLdYFuSC1jFS6i2ha6YEUGExevKld QSEcfQqA6gpfXNM2k1IphkMc153tHaDZoutbCb2VNYxsSTFJyCzEt,8flUyn62lJKSJX6f313Z6SHsRxJQorqS UVNzvnfl6DaTcJWVnlu9Cocnfm5yaQrAXLiFDpI0xlMjk01Q59Totdkgax3kGh8fKH2zOOUJCzFRaaVQ1WtvmdEGO8tQ9t73f5OOlfAsMIONH0b1B69WWMJg0RwU8lGG3,97.7198
Dj8redvXcJQ3F9BnbRD891UhdX5Hz7yS1alouXrsGc3MXaLjEZeGrhgTXdhX3RMiKipk2eXOZaxo3XPdd8fmUUtnaHuVBBxaSZ7JSJDts2pQiRfz3X5FJ3KqgCSbINEpzELQJjiXSwyeSVeeYkNOplpCVTerhb3vUlG4yVRk6EOVIirmUK,7gDRrhY3ZlSopTX0ml7 AfkNv4,99.1423
YDs8DCiOIRPdZV5Zbpgqi20b2d5W0MKvjdj8f5QWTDBpwHs9U8fiqej9UA7j 13zdFb0xQ5r0VB syonVfmy4V7Jr39A6sigE091YzPdpwDjropONhMgybfiGGmn3kpYIh5ZZotCUoAa,sTlTI1UHH2yem01PmOfxmwWh7TkNVs1XzQIqm 0wfVXHgfSirhUFQull4Bv1UfHgzqyAe WmfB UwIfp4Dfzn4uZegiO9Xs2Cp7XwZV6FshYh E9o8etF4Nk9w UeBI9Beh5Cg5vFSov,99.1042
 80z7Gp9RBcM4u7SCQ2yttpgUv107sUthrKpvhZ0Q0uhePR,QyvVqPRxeRpQb00 x7kPMcD43OMjiClIY3kXrVP25SZGs,99.1123
XoHr2UwQvmuLdkfwuwfLjEEe9SyYtu9BZXQYlz4P49CIsI7Th9HdkIWS7AR3wzZ05zwsB,Nm3HkBSJNnxtz02BWvroXpe4uaO0tbs8nhzQukhyd8EEycLV8gH,98.5107
7QYQdvebWaINHYNaXSdhJ7Zl5Ce7NEDdRBF0g5uN,pe0n1PRQN SqHTRnk,97.7727
RAmzs xR8S5y,6FsN2rfM,99.7529
lJrjyPyo LJvBeQFxG0pbtoJvxno4u2feJ0N7YqUQ1S40pzKMJZ gGSL1bkidV6h3JtIRjonSDU52xK01L4AnfncFEcv0 z 01dk5R5FuQsxelVtfpU15sIOQUsRKSR5vQxKXIdKCTGGGScowB5KHRMmSIp5tzKQefImGf4Og6doEViUzVUk,JTO7bRgocC5m4VgKchTndQ4dZnS95RM7M44jGkH5zVWaXXVzu9nlghNyR316WDpiuqGjXKpv5 Ysg 1NVUDExjsKxLULIBo3sFA1T1qPGX14fpXsy4w0N3CrSyfDTArBYKCk5de7NExrP3iGas,99.2166
vQ5ZDWvjuiWV4AqwcWVLnu4p83kpVMGubeaimV ZfJr0B,wJfSN397eIBG71AJSmDX83ux3cPwPbRv7j7qxge,97.9036
KAcoM9FpZarym7i92qyREHB4voYUsabitxLrJiW hDLhoy7aVOo5rjSu6jy5LCiRLUTPmSkKzyDlGprqzJht9czNZdM4QXfGIjgeC5f0eC55PkZoSUcZcElqA vaqLfx,Dt07gjUxe1S1flCgYOGpDXcPTzfx9wsTsQsWuShbhPagQdRoc18nmqMdNCSqt2r7GP,98.4052
gnNEzPOIRvGvaFngeASeh723t5QIuU8srJ0Tbu6r cwDiTsnxhfQELJhIZl8h3rdaDa4VaeHLBToMGT2rBE55kanvq9c2BySOV,azVizjHxXxpWCmBlSyr6KsnkMFKIiskgmoYB8iTPEZsIbbK28iq0Nghw7cdPlHCTW csgfHFf,97.5546
